id,flower_class
e86789078f3731bdc3d1e740825f29b3,3
6b0e58f46b51157485d532c8eeec6179,3
fd9cac41cda00325613b362025eb9cc1,1
10ede359e864dab7c381d9f8bb35de15,1
e73078a312effc5db81b849b083d1365,3
448063918895e274e69d77c7ac686d82,4
d2880e07730f3b7880bec90455ff8fc1,3
c45d68abc570567c50ae59b636bb2d4b,1
38a9113000564da7bf773081f7646bc7,0
a57df073b8d5ad8349fa4b46d99a1c58,1
fde6e1d8c47ccd170119a780851bb8bb,2
f96ed079cd0289265963fb72a574de78,4
f5d164257e875304721587f16b903db6,4
9dd655a18d8f7c330db5fdb3698cf757,3
b38e024b2ec3c94f8b091ee392ea58df,1
651954de7246823d3a78a3454b47495f,1
dc5d37c53ef4a9333160f4275d173434,4
97d368c062682cc2d71386a149471086,3
6c19c71962625799241c840ce879d744,1
79d249a896a11dc83ba599aa3b663411,1
ddf3d10d2906e92961aa2cb334ba52c9,0
0028624c49b3e0610ff9f1d111f5d532,4
214ca28bd2ce6aff1ba5cd7d71fd9504,2
fb4cea531f1ba13d0027860dea8b8838,3
ea2e196a735185fb25dbf4b51318845c,4
e478ad1edfc86878b1dac8fe78f3935a,3
8c0f198dd37eef79ea7b4ec803d10267,4
fbe58e846e7584d87da68cc7aed156d0,1
dd393f897519ff75986d359241d91950,3
f69a90c5abddebc1382f0868519028b9,1
bcb4fd5238446487bd89570498521b38,1
d0ee2297b487adeae84d28abe7dba94c,1
a731391742de7723c72524c5f777b10d,3
e738efa98c775a887595275261deb424,4
6f8a8fc157677dc00a7f7393acde76b3,3
c6b69ce10ec650815f93ec246cc40417,1
683d05d285889d219678e171f7dba1b6,3
52c946bdd02c144e2847ca388b5b192d,0
857548e5dfa48b79b940db7287f20e71,1
b9afaa6a9467100ce1a61fb2c1de1e44,3
f2754df0de05fab7b0aa783877f60c81,1
15e3cb017977654a0777dc2028e49d40,4
4e61fd47dbee52d49a7e254c13f38d44,3
a183bdb9f15f521bf83bb07f0b8f2675,3
556562efe54a5f4602726715f1249640,0
2df2ad09ff8cb9dae831d11ad5c0df3e,0
2c0419f7d19b8c2528d12693ba716f34,1
0f3af8d0223fdc3d7477d70f01828dd7,1
91b7fbf1d6d5e8041966813bf302b3c5,3
802c3300501477d5ba680d3b4b2f85c4,4
8dc1990927a7be22731c552ad3698070,3
a330ee5dc32362ce087f591ae10b2086,0
6f756668bb46b3ccebd5b44e2fee6309,0
bb94a3f50ddb6c470a1d534212082d69,1
7fbcc0e32d609cad1c4e2a161854afcf,4
275915b406146b628a35b13916089e1a,1
bd210e2eac44331a0396151014e9d4e8,0
7f1a2fa369dfd5de4d5701f195936c8c,0
5da036ad17c75f62dbd856daf9c3136e,3
f52c1faa5ae2142aec01df82ea5c9219,0
eae74966793f20bdc4d8e0546cbcaa61,3
f0db9c4aa724054869ec7158b0986daf,3
7de9000217322634218541a791ccbec0,3
c1dd43b94feb963f69a57237babec4c7,4
c5b0928dcd8cf55389e46fc4c75f04e0,1
3db3e5f65f3eae77191d0a3ba29a5b74,1
11a485a5747380e96c2aed42e40a64bb,3
ca42f8b4afce69912d13259d79d0e13d,1
4d90586e8032beeb7e42a812b5dfb7f5,4
60f56483a2b51ec9b819b322df9ddbc2,0
7bbf99486a32b1be1539565d2c1bbebe,2
06a0cbfc5b337ac3c4b87d41a60ebb3c,4
7937b2890a0b86f713266e4cdd06638f,2
4b2c0a09f77243b0bbd356418b3a65e6,0
687813213c5892e16e4c3a60fb027645,0
91b599953c002a2a7a4dc60a727d109f,0
f504927e0fd6eb86a2d838cfeb4c8def,1
a44b8159ebfde30ec2fdec9f26067847,0
966155547f590e99b2174899641b8c69,1
05f6d6b450bb2f2ec1e2b08918bfc5f5,4
76542c072e198c96f34831a7bf9e04d8,1
7e8552ee64c75948d5d8651aff8da566,3
45559bc661df8fa25ed3624945453cfd,3
651ac375e1e4d6f88cbff60e7eecf127,3
9efc9a40824559bcf4539321907f768f,4
e8b8404ad3960017cded02217eb3102c,1
8fd6e6f986f15c834af84d2b13c02a53,4
aa49610708fbac31de1364116fc827e5,1
a9eeeb51a01bf8a0b884ac57173dfd5a,1
bf64f6ddd9784ac88eb55b0ba39f10bc,3
6ef3036e40535c408f262e1f2a85388c,3
7ca5630980ac5de2e436426444df0938,1
f5bb92a27eb043dbbc6f050c15e9cd7f,4
723b0268e5a96dea8b377b1b5c5cd7bd,4
2eb9948278aeeba711c173bcb7148a0a,1
052000930d91578f36bb2460fb90ecf1,3
4e37741086a7b9a17b9eda70a8ee8cd5,3
94d17c7d80dc3922c6df0c5081496e21,1
ea807a9576afad5de64f85f12d6dc223,1
8ff39c4add830ab7cb706ca7e1fc1fc8,4
d0dafa12f07c05f82840b94519abf347,3
b833d1084af05709ab412a74da59b665,1
df1dee70c899d5fef2df9c829c7e1372,4
cbf03ecf593e9f570a3e8c24d1f62d0a,3
12e959c7aa51aa1a211b2f756d6712d5,4
a35a9e96df7fab83e5652c95700bd41e,0
b1572138772905e760ee106a4fa00c7e,1
cfb5d7dc9db54f9f2090d69b77c841e4,3
72d5aa8503c6418d1953561189615464,1
287b1eb0648d7fd9a4e3f1caefa3ff17,1
ca2fcb420b3439d15926d88e0de46887,1
0e2b0d35ef98a957c0dd6e1c137bbffc,1
6df0f890418d1738c70b8c8bea9354fe,1
eb6781459aa007d43284ac7b3d1d9c05,0
f68bb85885b84ff1bc45c5b467d8f113,1
7c3c668e2d41da255a8b84cd99805617,0
448e83f6767cf6fbcd7c1eeb51a1c4d8,1
014d33090eb706769ff782d8c500dc2a,4
bf189653d5cef1a6f56804fd9dbd6397,2
ebc2978fa9a12a5c83aa8137b2abcc04,4
938c6847a287e19cb2b50de121c6adcd,1
f026714f94cc82e27c27ca9e9362192d,4
7cdc3b703d7233afb0148f472f152cb2,1
e19bb2de3be5d02711c66f2ed0acf920,3
283ccdbcee241385e0f16d9e7f21b858,3
37d534f43d60290f90d522abcccc4459,3
1643d828aa88ad79f50d3d933c10482e,0
ebded25b9b583907bf7cf5e3bd176064,1
95c18e2f06b52157e0f82d6c35ccee0b,1
2f28d621ffa67dc4a08ae1dcbd5c0abf,4
4f96c436acbe6984bb45f27aa0891a71,3
b1c4fe9d754a6c264e9193d65a420a38,4
1bb9293ceb0dac1c20f2faa6b466210f,4
1c060c8b1a5ab6aa985ba3b436039e95,4
5101cd66a3487a0a61e836ab861da6d8,4
5e01d2e8f62ac9a397b1feb05a330543,1
633f5d03002144dcb6657d582f4a849e,3
cf2ea3a4ca1137d648ba99a26a1a49f7,4
208500e2cae3cd497ab36daab27331a1,4
d242ca6ec9d3c693b7d853adaa34af4b,1
154bb75e7e4ffd3caa1e2573396e3e18,3
a40322875719ca0648cf3cfbd1b034c3,4
c2469cffd4349e72a22f54a045f6fcbc,1
86f8ca0c9d0aec7bb624c01a3a7b4801,1
e824304dc94f1d8d9dd8342569354573,2
a2f02de33c0bc5af7d2b36f9aff1980d,1
08932a183188af4544502e9ab6c67251,1
3eb1304cdab69183473d8850b3f254d4,4
3567dc3338868351bd91321284977a3e,0
0bfd70207c02f6fc77f4835468024c2a,4
aee43f8870473872038c20368bf3d691,3
af7e530c762f0b22f31766db21aaab57,0
80c8519017bff41381d70ff9b0c4f875,2
31c39bacf0559bb85cfb6dd8811f9f0d,0
82f17542166273ece14db3821d5d6b09,2
c864897fca3e0fef09b06073d27d2580,4
2f80b8826b819911f65eea01171c3e18,0
235be8f6531b45956b7c736ac84cc894,4
38b9ddd847e20a4ed2a52fc3cdcaf1d8,1
b5b30e5f5499bf81b205a967ac1734a6,3
c3e78d9b647c9f17f69a92cbaad9c5a0,4
86b065a36dba7e7b8a4e2544adc51932,2
744fd56e89cfcb9b222d362106065c48,4
ec23bcff68730279eb4cbbbd7842b0ab,1
229c1c468f2a7257dcdf368d8025d3d8,4
99c60e50f93608ce70559efe76930198,0
015c8f0e6b95baf9dcbb34647624c5b8,4
5369bff1e73957f405a69050cb3f85e7,0
dade47153d9d7bae211ad59e6c15f0c6,1
924388e5f3a585c95f1cebd46f1fba64,1
ec5ee15efc3e036db322e4f949e78d77,1
43d7c904d144282c3c46210b3f6956bc,1
72caaa38af79738dd23d284a81d280dd,0
50bbb1c98fc235cfdba549b397e833c7,4
ab78c10f01e9731d077a13219ea8153a,4
76570bf5908e1ab01483dfadf8003186,3
d769b700b61707a12cec49f97b2b7d29,1
9022431810185058a5b1ec329f3b858f,1
85a4e66d823e75e5b8940d76a4a4c153,4
87c1729808337a1a9fde9adb85bd61d7,1
ae26335388311233db841e977f96ff27,0
0f01f420f92aec3e6df5b0ceb5826894,4
c0a1618c4fa250a3db321982a3aea522,0
033925568a8d3170e7d7710483e3fae6,3
5bd66f8e002c2c04f25fda640fb0c59b,1
477e368903031dc0f648af1926b91d70,0
2dc191d9a076169ec822356c303cad05,4
84bb958662b098a1333cc741ac920402,4
9e7327ca8ba1804ec5350addfaf2aa51,3
072f62cee23d3ccafb5649cd643bfa36,3
692fd7368c3070727e759db49e69e7f0,4
3d2922e7d15c033ee808c393800ab0e7,4
81d94bafd6bdf45d80160710db680fb3,1
0c9bce3c64216161f33ab264edb3ba4f,2
d6603cf65b7aed3acf291bb7a27410f9,4
e228d31ce171a667728b4547a1854bd4,1
9f65a457632aeaa93684f3be4e37ce53,1
16d790a603f209bfcfa77d8c04006910,4
f2c438308c51e9221dc468861606fe69,0
b38ec1bb91d6db5868642c5910b8332d,0
e862bb5cd86b49568d69e333dfd94cad,1
07473a092e8db87aaa75b0392696b351,3
c50c15af5be1a8f2d11958dee057cbe0,1
43662bccd7a515fe214fab16d9768041,4
9016da8c2393b111c5f3571c08abc9c2,3
94d78f9c8aec190ec065ec66929c3eb4,4
69f6b67415436e2cfd5ce6797a8bfb36,1
2f91e90a51c038068f87f70f075f442d,3
c29dc38ed4e3cb7ad3def72e9d7a60ca,1
686897d6e2a52e7edbc0498eb7df50f5,0
43247d0fad13d22e6060e282c1ecbe8b,3
54a31f454ff11caaf3e3b62bd166bdd1,0
7453e5ad852c8ae0db8e05289b026ab8,1
787f99bb14badf9399df4bc9fe50ab05,0
a68cfdd2889c3b1e07a6228a31b66849,4
322d0668280b48213de9a30d044796d6,1
c7b046b788728d6307512eb4d055d70c,4
48a13d10311309d08c00ee7bd7cb2269,4
f7953d7b94ff94461b225f8a3e900485,1
4428d1a5c0b34b82709315fb02995240,3
8b52046f6ef8eee29d9c4730e1a8b263,1
2fcffbdf43ad98320f79dc086aeca10e,1
df0979856a546b7459705fde518bc03d,3
e25c90e958a594a231ff187f876c65ff,1
7662f251b26a1efb4ca64bcad1eecab2,3
ffea1f275c05accb0a6bfd1203620c7e,0
aabbd368642e6843bb6f15a3afaa9ed0,1
3712b218baa7b519ef74393b47982fc0,1
c660d52df467d900f7edd172df7dd816,3
1498ee615148fc8aac99e1964817a999,4
36e100ab92c57118fa4cb488c817b858,3
33f35a9f8649a2d5300df0d2b5cf4073,2
499790bb426abd7f293270ff2a357984,3
bc08d101e51a9c75f8749392f844497e,1
215a5045faba232d7fc0b98118deee71,3
4114cf9ef98ea0187b606ea09973a436,3
4911a82a429e8dd3258dd600356eacae,4
9e90ef60e157dd5a7d8efba3114879bc,3
9e1a9148036dd028c95963377c7a4374,3
9729f0c1d602d6903d1c93c7d7f11100,4
0aeaea0e3be323fcdc7339c5e61aaa6e,1
4d84e7e1fcd26507d87d1bb8a3d86158,3
6a2ff15cb0917f720b93c27a2886de0d,3
2bc35abff3744ad17e6cbf83a474f5f2,2
76f566fd6f40029985c1b281679a2889,1
8e2377816e65fdacb67314076263c372,3
dd41a5bd4f115c5101814f909c378248,3
27cb1939d202689334de4f53b0e33a41,4
a95c430d635bdcfb59d88cab2a08cd80,3
12bb47bcc7a0ced1b481caf1e6430c1d,3
1416b927773f0dd8bdc03c57327db408,3
f6264ce5f425da428f2767f48306d384,2
f6524250b8217eefa9a7cb89663b2f9f,4
b560929e0345d7fae80f74794aa82696,0
dc918ecff304f2fb0803fd88a3219f4a,0
cfbeed32cfd782f85cc3c78b74d7ea81,3
1a5cacc55bddf7759a237087d483f04d,4
e7dbef40b1de16b27e49cafb73754d76,4
5d42178d1da03239d8fa3972a5a2ad73,4
3544d41ec6d741edcd10f11338198db6,0
5131077219c1d7d8dc9e191785363b03,1
b81d56e61f6d9459600fa9992c60bf95,4
b02c6aa8920c92611afed38c1b37ded4,1
e24ec4c2526f6608f98a84cc92004ab5,4
9d7a04de17f6093cd34983e268d09791,4
74ea7a55ef72e3e700191344594f1b26,1
6c17f7632645421f8b93a32f33463934,4
4921f31c90081f220ac1934028e0fbf9,4
56d31d23e6b1bff2b21c441fbd9f0fe5,1
b7cb17464184bbc5599be40644d45088,3
54ad18cde67f1f96519625e752610268,1
17127c6d926704d467adbdee9212d07e,1
ff3806a9b55957a4e869983be698dc4a,0
dd20bd4940753003ae3e20de5d3c0b8b,1
f82917047e23fa424ec56ad9b96777ef,0
e33deb7ad894cc3110cc4e01012f03fa,4
b3ddc8939d9b0925c9aed0cebf0ca6b6,1
a86d259d71c5e46dbfae3ea86295800e,4
b77dffa7830aa6f05799d8a0bba6e1b8,4
650f579dd163ebbcf5cd13a65c126b81,4
1942d9232c1d2aae6826295527788ac7,2
1ec6131e1ddc676e232ccf0df948ef23,4
9d700422a1fe85ec80ba0fe024d24a5a,0
8380e8e9dbc9d80a61a6793da296fe87,3
0e6eff26cf27ea98c32cfe666c7fc600,4
3e2b874b31dceeb2996ee8380319200d,2
2c11619108b75ab4fe3f054840c969e6,4
fa636f8cbc6984cc9e702fe0e2484476,2
c17fb606a13f84620f1a69924176afe6,1
104d12eb3e6b868b802c7b0fdbe0acac,3
0ca0ef003e87dec68fde3cf62af489b8,0
bde77f45f6cd338e8ef9e1da642a444f,2
14510e55d76293b790d4aa4795c9877f,0
95ba98456f5fdc315181251fbfeeeacb,1
daf03f7ae5dfd7902c3d5be2fe6de6e4,3
10dfe99568154899e57219c35e38ee0e,3
5f9be44c742ac874add366ab9295fed0,4
0d3c4933c71556390d18a28332a65181,1
5b2e7d8da3780672961cfe7f95ae33cb,4
804bb99dc77db252512cea2413350874,1
71b3e7eb62b38979bb03f4bf3348b95e,3
0613f481a5d6b6cb79e7b89ce5be85d0,4
d0adcdc14384e3f20b21d95d9161ed0c,1
7ee90929e48cb2eed0771e6a867d6a2d,3
c2a8cc224c45d36cd9a063c114d424b2,3
ec149891a04ff64dd979c0a0d220f426,4
ee831ce53e14fa364298ac4aac0ceda5,3
e38259beb4a959a77f1b3019e2d41fec,4
0d7cc73bb46a3c7db0888cbac924b4fc,4
ba2a304e3e6bf872199ab23d6c5edd39,4
3f2e1738d3b937d698fcff418e0491de,0
fc01b201fff261c43e64e49a8e6e5666,4
85047bd36f65c9cb333cb5fb40e3f6e3,2
9a0091de0db3e032c955dcd4fd9c4443,1
b915868eaeef35c6e517513821478c5f,0
537934cc40c6d8ccc4580ae8f0ed7eb7,4
78f1ca2764b0054edb5dbd2e825e7b5c,4
9f106c2af4d08f7cc58c17cac75609bd,4
cc05538bfa5b949bddebbbbcf34e3f53,3
528be7108e490a1a4a4749b37ebec7c1,3
3ba0d9feb0218a8d5af2df51ababd2ff,0
c53ec12aecda214a5c48eca14e8b6a68,4
3eabdeea31f3d8c4dee906b82ea77979,1
c7d8d5af9acfb389c8ec93b637e12b2e,3
3887e58d70fdc1f0295f67fcf4f758f6,2
b416f644ce079efe30d1115124d76f7e,4
0b97592896a0035715d965c5877056cc,2
a6284b3ad5d8583ec07c4c56ed93f416,1
ade54e6401ac599e8888e326d4caa25c,4
89593a33abb99f2069dbe1d1c48aa321,1
e4e96986938459f1587f3f177b9d0d10,0
cfa2d06918ad04b49944055aff56beaf,0
17b101374842999ecc90bbf3a1785218,3
92d005d5d3477cc1240ff639f31431af,1
09fa5b9a60aab95b5a936b7992dab392,3
9b1002e1232079a48e24e31343d64b56,4
1503fb528e609069a45c163d1ae7ebb4,3
cf6673896f06a295d0c1fa5a46afb67e,1
4f139666196d2b00278a3b2908bd0a91,3
8eccaa06797500c59bc4a00d54718840,4
91cb272ba486147421a044a822ef0aa4,0
f209bc542a12be79ebf2a644ebe270e9,1
79eb4a74f997a1d2f2674bcf4e3d4e3c,3
044c7523fa93b045871e457757365da1,3
e28dec5e4ee9866ccb229c55634bdec0,3
eb396c2715b1be5552d43b2fbb19f450,2
54879112370abd384bc8333bdb866358,0
e814ec86f72b52456111887eba790861,0
e0b6733e398924a8cc1ad2e514a8a117,4
28b3b0cc87053bbf3893209de3ce3bb0,1
2b0885e56bc7319a3a52b2757212fc0f,3
93d85ba30cf47a27f2df0cea0074f17f,3
10bbeea606ca9c6520c0e10ccfd6e82d,0
660ba9e6506edd766d106c691c8eb6b2,4
e863613ff12ad4b637566f1de4c2867d,4
a81228ca1b7a6a8edf5a3b4ec424f24c,0
e642800f08d1724f014f320beef2f055,3
ddfa910b8257cf9e2f53be34c8407e9a,1
1f0f6e52d3cadb3a1fb789bee2cdca3c,3
d827f37ad27a3a827728f44854ad89d1,2
234da5ece584ca141d9dc145ea5d3bd5,1
a04b04c8bb9e1b15214ab2eee5915fa6,3
e292ad7aba39ace44bf71ff78eb37041,4
5b3e8079dad35bf1cecadbdc8424fc51,3
19575855153f11118fb64b2ae47b68c9,1
e2f7eae9584732399e825619f866823d,1
3ff425c58a3a39f95c180b09f9bcad6e,4
24ffadf68adcb1b541d8d16d6bd54d14,4
9d09742c1a1e9b4bff33b8fb36c6e80c,4
867899dd208cf9e443c1f41b2d4144e6,1
c4636ace01bf6e2061c38c72f0823b10,3
4cd32ea34f68e3b43c73341b8fb3d4c0,3
4cf0779e4afd4115ba86fdd2bc0adb9d,1
41aa6cc38145ac968864b07cf4f16214,3
ef617fb6dba4f8852d0d588dcd6d37a8,1
0fc562efeaff56b06eab9f3f0a3aec43,1
f51d3257c68cff1ec5f87eb6b6bea193,0
48f8e7953a16954e2a21da8a3020d018,0
6bf5636b8e695e4ca8d924044020707b,2
4a91ff9e56e166e2f616f5e9e0847767,4
ec6dda6501afe6476bf98b2918f93c62,1
930da1d527461a789553788f1ba13238,4
c85d4fd2e9c4047c73d00fec45b784d5,4
c2c536d1c1f03fd9bd88d87ddaa8d9a8,2
4e7ce6ff87353868a69ba4361247add3,3
974363124da96f6ff36c82142a64cb5f,1
bb8aa1fddd6370a197a329f55b9e6aff,4
8e58b2d8fb2cd7a1219e021f3f4868ab,0
6bd93efbcca577474a83377336ee3418,0
a384f2b90fe5b880f95965b685915ef4,4
e0d53b7e43ea36c5c84ac9d2fd87d13e,2
ed93feee13b5ab24c7c5042bc44a659b,3
c3bd57a8136b5dbf021dfda3f03accbd,0
0de51e94a588f973389987308b2859da,1
546356ede0586f8a5cfc1a4e0bc7f15c,2
ab3916be0c58b3c084395b31105c97c3,1
e813966532a161a9393e696b1f3ea22b,3
265e23986daa514f5a75a2e0681d1494,1
72a1dcb878bb1b31e35b0843abe39d9b,4
489c3c6f7a4f7ecc86916c0e3d789bc8,1
4a1f9b8fb94bf666cc68d2a9df519079,3
32009a9e5466d6eaa06fdd0d504a4950,1
9555f4d2fb4cadf35d7d0b5d4dfd84c6,4
34344027d780db61e84d68eaadec7ac0,4
f8536c1d61896d1fc1e989ee006e7b6e,1
ad1befe40dfb426d381813fb55570568,3
f4252aa28723e9e240c37cb4783886c4,4
25fff8a6b1ee805ef5817ac813b518ec,4
dc017164113ad0a697e09e4d9b55dca8,0
041ce10ffd2ef73afe7e6d5fae045c98,1
d76df78250617ea69b6e2e109a83e24a,4
48f5a3ef1d5fa1a7f3ff23e8e70bfd40,0
65891069bf833b22ce5904ef946e1ca2,4
f71874a53fbb1211ccf8711c554d17ea,2
e809f7287e1a5fc6435972b7d09968d5,4
5854a6e204b15a2c4e587301e6c1da37,0
cd4fbd7803e6a3919165257727a6f8d6,3
f73c838b8decba960a01c39123b26346,2
bb450a93e8ccd17e2acfd5a73446b74f,4
13c61bacd9abdc47da6ca926baa8593b,3
d4ca75068a94297606294e495de50985,4
0f34e648d5c9424b0a44fef63916f83b,4
4ad96f303a200306c89382f98ce90937,0
8abc9a73c431ffec8d2381c53866b316,4
df2be4c9ce5ed1d765fb0fcae3815f78,0
4ba08d97353dc79acd721e3c271209d2,4
7ab90d9380cafd350452b0e85eeb1a15,1
5ffe3b63b9264cb6a9cea0c00531e298,4
0663f38e14f28742f7cea4e2060e96fe,0
8b24b20dbd2850d6e9809a06222ed734,0
aa96d9e7ec2a9efadac6fb30acc8e94b,3
f0b7a19147f7de6b252eff303edc56ef,0
c045e1e16b99ecfe6fd124b88c625c33,4
d59371c0c0d3f1a01737f37f94693807,0
240f4db86a37d8b932b7496cc71d7699,2
6ae8a4742d5aed93fa427ecaa8bc23c2,3
9e19090fe0dd9c0c0d27e106a07fdece,3
2c50f676e8c7e497346bab3f2c9cdf51,3
33b866697b67b7d780a296cc7c833be8,1
8d6154a0571d058ec51f0e66039410b7,1
a213ad106f34a8955d097a491746bad3,1
5fb60dc1f13593f6333f8448b910687f,2
82e7a7eb8a93807018f8af2ee10ce44a,4
54dfee267c5874de8c26868991ee4929,4
c3e50eeeb17ad9a2ee24274fbe786fa2,3
e16373107918120f9c542557b16c998b,4
f1179823ca6973aa7c815ef3c698c71c,4
e01d2fba3f4c48a1450725a45771f6c6,3
df2b7320a85b45a89d79e87e186c8b9a,4
e25c9cb00e3cffce2817f2d3e13d4257,1
7f863a5bf5fc391f8145bb0366b9c92a,3
1e9ef55bc031d719b65535b2c6e4dc42,3
e0a2f64773f6a406b5fac2f0d9765f14,0
b9e4e2307b517c419f3f9d5696b33269,1
2e4431648bb02eae6f31c1dde9499094,3
f28196eb9916fe38bf1dcdb8cf6acd4e,3
4af538b14efe4c29b14d64b44827861a,2
d8bf9d5795eb3a9e9c6ab44da9d58891,4
98a9c478be66964ac39dc19e8ac7c042,0
a5be9ebb2e95499ca009c610e249baca,3
abdca9436d0ca89d751c67e50d64565b,0
f4bc29f616902d446148225d0508bb06,4
7d41622fd1d6a3b622db04384e27b9d0,3
4a5ff888d4c139c35c6633404e2b58dd,3
5e06ac6c97eb3cbd9d00875ff56f6524,0
596d8a77a795733ae7acd576762f2c6d,4
f5fbd751dcb328274865533d846129d4,1
0cfa22ca2f3accb390886269f66f8ac9,4
ce2ab19704b54017f6fd78b14917c491,1
6e47f63775161338e68d6aca6fac3ad1,0
d55e0fdd28b84a2a9eb061c4cd459b02,4
e28c54dbcc27d710c4e4e0b862369c69,4
3c6c2e87327c2521381792de921dfb1a,1
420b8fd6570ac2ab47e0b8165ccc0ed3,1
c63f99d5a87e9bb016b0bc56fd0e56eb,3
7c463d8631e245940b218ccddbdcac2f,1
608baebdaa2c34f83ac62912b6ce7df5,2
43b7c8c051562403289b396ee04743c6,1
25c43b01cd799fda78c11b21c397c216,3
a728814d7fab6b8e5e3d1173e6d0e8f8,0
7df2e5401acbe3696535a344954c2df1,1
d1cfa59c799bee6039aa96114a10b8e0,0
b34e8c5cfdce6eb4610545381d90eecd,1
34e9595287bd45bbadab46f2db1a7214,3
75b07915d9e617ad2d34cf8bcaa91bbb,0
5f0e749b9de852852aeaeb0fd4985dd5,4
4c66e7094e83fde636a41e0c8d0aa188,1
a97617caf039edd1b00e7168075d06af,4
4938208118bf1dc199fbb382629f7324,3
7c55be5e85390666143c00f005be6c86,4
9bb89f662bbdf096528865a3c874ea57,4
983fb558154e42d194d66c59bd01db6e,0
7df036ad95ae9ff8f1e1b44b3952ad5d,1
ee6688444c9613165633c84179652371,0
25cbef8b351f8f82e537128d6e70d8e6,1
4de897fe75d711b954e5963a4cf16f48,3
20a389a40e718538527ba5c230535b2a,0
48abe24f9ab7c070a087ec39899b143e,1
ce6c0966ed3472f41ade1d171d00133c,2
4982a33b61c5a0cbc4ef0a46b9b9f5dd,0
21731ed9d2c412fce025b174196be85b,1
ca4fd46367480a3763a26a68911eccdd,4
3a7c14441acf02c1fb33d50b01f275c1,0
38dc35e87a8024b4c56dbba8ce1f0c79,1
607e8ab70b302efe8cc68388b6a91fbe,1
64445efce11d32286114cfa6481900f0,4
cf97a9bb699a9636fdcba2f1c2549708,4
c3c2a4cdce1e3186d1b9862cbf46de7c,3
7e5245abb8c028952c3cc180071dee9e,2
5e8839d66d28fe3131c1770d26930fef,0
3d213e0bb4fee2d8dc6f8886801b7e7e,2
800be293af29ce1b68312a298d1a51a2,4
9f489979f096ed783701caeb0b9ba4f2,1
e75aa557224a8d5e8c38ce22b8659073,3
6fa6ff8e0646a915fde30f9fe6fcafd3,1
b1515487b594277b108ccb5086db3d69,4
e7eed90ba27d842d9c63ddba24af4e32,1
272c208c9ca295a6383b793703e0ed8d,4
8f0083505e1bd0f42033b7c4bf855aa9,0
7e570c39d9b9db0b3c5fa92c93ee955b,0
81c58e4c248cdec4e40f3ca25fd63610,4
c3b0f53e9e64c3fa8fb455cb2d61e779,1
e3da47c37524e4654bb0e1ada633151f,0
398bbe9d7c003586a7318ce2b8e90fbb,3
becf3da92fa0d96189bbb0b48d988fa3,1
260214d5f79763af7107976c9a320d95,0
9dfacd387e8a7727edf89fd68c7da7ec,4
5b4e8fd04649258abbc502fe4337fdbb,0
18e72a7bb2f3d1017f7a862020187495,2
f8043282b3ad39e91ad4ac02c2d809af,1
7d5dd6bbe72c40da3345109f38c5e3bb,3
336077e40569f4327dbcbec811ec2534,3
abf6cb38eb8a21cb33bae64cc570a904,1
3d5b13272bf78cc60a4ff7a48985b78a,0
a48742d024a194ba6c391dfd804866aa,1
4e6f0a83e22a0be60b0770da855feb9b,4
baae2c876dec27d868cb90c7c5eea601,0
ff6c8cddba2bea63f97c8f276c8321d9,1
138506e5ea273cb5d99c9957b02ee37d,1
30644f745ba9d9f6bafb96eeccba901c,4
eb2215c3b23d558fd88e9e30bc550920,4
b65bb4d0c7f7d7b60ae59fad74884837,1
9d16ccdb4a6ee165bae87f0a0bce1eb3,0
dcda5de6db110c81c9f3adcf94a196b5,1
2d64a88dc1237e357afb9cae1558b7e6,4
55e37b537afef1bae22d43d71cb2d9fb,1
0dd79ac7b16805da73d5e5ca36fdb410,1
38e07775e015cf4cd79238bf98ce21a7,1
a1459a55cf149e07ec965103e63db26c,2
5255a11dd8b175b5e7c67ee4b89735ae,3
ea1007753971f1d2f45bebe6ac330052,1
688f224ad330b13c074a4f9c4c006cc5,3
7b2ee04936b0ade3e66c5534bf05edc9,0
720faffa12817c2c05a30ffbc9a133e8,3
517914b367ab967f0cce5f36e36526a8,1
2e7746b604c3f6494e9c3a34437d4eb4,0
57a9656f9f37b13c7505b7b4b5cb5f15,3
dba5bd6fddf6d753f1f64c6e5e2dc247,4
41ab9969021a021db5143b3ef0380185,3
05a756a5438e5cd669879ad941f69c4d,1
ee85126308bdbdcdfeaf76ca2b9f3498,3
041bdb3a90ae06361c3cbc246a5c291d,3
ea18cb9311359acc2986913dba6edbf8,4
157f601c2e156f4ceb3e16890118527d,1
ce3b0bd83828403cb800fb51746a37bc,3
1fde59699a96ab7d527057b8c5c46219,0
544b70844695f22f73c107919e18c33d,4
737729457937f642abd438e4160e08f2,4
72ed18f2f294f45a416a667503a67427,2
36e80c442b018384369cdccca8b71633,3
cd2afa7ab1ad03ffabe15ff780a467d9,1
20310196c1dc449e789449cfbcbd246d,4
a8dd72f296d290311117b36951f514b6,4
2edd64d1b220c443950a7233cb1cce4b,1
fdb7b04782dfc1ba1ad15107b46c31f0,3
7baf51ae88cf50cd058225640feebf68,3
78edf46d1145ca2c1c658f86b2cdd154,2
696bff94d8ea3b13a07401291399f2d8,0
2c042cdaa6b88a35543a7149c5fdb335,3
048c3b5db49f963ba9b9ea42ba6b5085,4
765cfefa5df093b7c82ab6ddd01dd962,0
bf8b26c3ed351a8ef95a39d076e53f9c,3
9ce913a0f73c31b9f7b4cbb6cd08ccc1,4
80ebb104f4211a281d80e619d7cc12b5,3
d81f6d5b0bc040e561bcc59a2fa32b64,4
0626ff37af86175b46f75be5c5de854e,4
1c4dd30c271917b6cd0dd6982cb5d982,0
5a376c5354041d05048a544965b4abb3,1
4b650bedb428715077cf4c76daf5913b,1
d6a1c2fb40106e0e4ca79a444ee3bc5c,1
1d0a0265786098760d05b402261ea51f,4
44c8f714787cc682060d99cb73028e8c,0
dec390792c22bba871c6f281d9a7bab6,3
00d366e7877b6a78b104b57d67b60e6b,4
ff3df418b948dbbe61d45cced4260107,3
88dd093bb451deecf2b347de408235d4,3
50b7763d168ba1c0a694ef9a773f7b45,4
0705e9d64ea3c4c4d7dee9e3d2e84ff2,3
384e50c414946bbfff5c5a5c485fe5e0,0
4aa695f1efa22dd77db132486c32aced,3
5093c0620e40d10dd5cd167db06a3703,3
da3c0c9126060b992a7f448c465ed47b,4
1a58dfd985f8e4e9e9415b5bc07bc9b5,1
d0454e3aa9160530cb0b52dd0f878335,2
ced18931468c4332f1995236f3b7ab5c,0
40c0630b09ff0358c7b35980253a1c03,0
d7e832759a28dc6a6cbb4653088d1a8a,3
2c3dbc5b4f507e8d36f8116ad6c478a4,0
3118bcb10f4ebd576e115b6cd23f08db,4
f73acb7290b8ee2b88e97263a3e24aa6,2
cb1846e480e30ecadd9558995c41878a,0
1de174e8b86c811186107bd89ae1a576,4
7022e6d9f1e7139b501b7ed3796c79d8,4
13b99e66028f1337671c60ce2664d881,4
1cae4d6396d7aa39afd245cd198f3d02,1
4c947081095e1afae8b76c62324dedcc,4
092bf9859711ff963a915513697b92a4,4
6cdde33a66fe6f977ff5ab60bb494b35,1
d4209ae9c9cf2ae3e37ce62ea455f691,4
3d413ed5bbf21c06ccaeed171f3f677b,3
fb9b745c6fa27e0106282cda009ec144,1
77e5306a6770e27327e4c0ef44597190,3
43f9093b7728f69584ba779d6e398b15,4
c9bfc65f36fbab1411bdd6b0ebd6c0bc,0
f2d6abf86c6894f89763683919e7bdad,3
162ca943ab6fde35dcb54570ff2a9af1,4
8a1d440c49714b2724784e38c1dda77a,1
a608a1ffd15e7b63fc8cd968ada3ee16,1
4e5069b223483cc9a7e814b17bb08767,1
b615b0d96aa86d261f7e457e15b78089,1
74ba0a9337ac4ee759757c3754ccc3d9,2
4ee04dbf314c9b2d937c3761f4fc6356,1
1bdaae469b38477a0db477144b0b4682,4
c7d62ed76cebc1df305b9889277064f7,0
d62d6c594236f085ffa0e69741d5ea1c,1
afb097c2241ae822949a77fa8a00396b,4
9f41edb8d271ddb3f7f49c9e61d6165f,2
c055b6686a672eece4d7dfe6c27ba112,4
ffefcc68e2e7eed8b17b0b5b0f740538,4
eff98201ff688de98d867564892114dd,0
f1e1146725417e28b859b3f51fae5139,2
3ec67b0aac1bd2923a4d8a9d8ae5fe1f,2
113f5511550ae9c111354e79ffaa8fc1,1
23cd7305dabae00116866b4e82933148,2
acd4692323ced76d403aeeb4a05eb1d1,4
34d5791c8a07c54f620812564cebf727,3
04b6564507d52dbb8ce0017ea43c9d69,0
96e01cdf272ab6f74d2ba6b2ae075eeb,0
edb8c3b7837e7238d18ecbcda18620a4,4
dfdc4798b3fdda420303165ebc42db8d,2
45941dd36c8ce5639c55a41e1e929ce6,4
edfa5a84733db71e0d312d9a37ee23f9,4
6349d4cee8db05a348f17e977f658152,0
5b968d72703b53c2d416b0305c202fb7,1
57002d4a6d31a7ca480709aaa86f0baa,4
8c2155a371a16f26d279d0fa22081c6a,3
6cdd02e63084fdb9a697852e8dfc4da8,1
ec1bc9215b068f9a4a84fbb0bec3524f,4
9ac82af0e650e739c67f4cd8d66547b0,4
b38d1fef59f487bf8e702c5eab79880d,0
a1dfef32c33f601b2f4b91832a0780c1,0
bde539cdac0dad07d2e0cb8374f18ae9,3
1d80a49ff8ef9b2f649eda79c2116e00,0
575e3afab9b5af95c7a3073549833bf2,4
3321d4e1ea99a6aa47a3e040b5df6c72,4
3ddddbee71fe3c5af2fdf0b0f1479c9a,2
6fed3f78f1d9f897e1ba93603e23a851,4
f97500a77bb3297b433b6c86f603a3b4,0
788ba534c128e21216188d28afdb3b06,4
f3c63b04a96293544c7301d53f05f93b,1
af69c384e53b83e8d1fe8ce0043b43b8,2
6f635d0c1f645222de6e38989c136db8,4
9f269b0875111de0c26c22179767b88b,2
49458f12254f9110a8d651be4fc94d42,1
ec8995061caac256d2239d718a0382af,4
a9f1f01375c887e447d7b43838bcefdb,3
f06dea5b934f662ee3050a03f4b621d3,1
15476a717d7094c524c4c5ce5958d7cc,1
a00f0d9e2e777813e117b67c89fbba62,3
abce95fbee75f6f5982133aadcce4c1f,0
fbaa56cc8703f040b2d2b3a7cb3686c4,2
67de1fe1cbf70c972e7e3177ef8c3200,1
98ff4713cc9afc12568ce7e3dd372620,1
19baf0d26455b4040d8d6e5bfeb5a282,1
08ad675bc287337c3ad26db8f8e49b77,4
24b0df2da95faa04fab4ba8460d18efb,1
cd408128ce93070458cfa73c51625c07,1
7173eaaf4a6143657598d968a59a03d0,4
16d524770294c6e389e867bbb1e65f84,0
adfb280a161eab52ac45e87612555543,3
e07967c5d522f2df6f2b6bffceaea189,1
8b0682747a53ce406f804b0ca014562a,3
adc4f0da4977243b73446f7bcd4553f4,1
ea294e77105ce15eadbf875ac83b4cde,3
e38c34884f5e46d0697bc1e580b072dd,1
cf1bff0c0742ef1d8ef5b378ee7bbbcc,4
ca4307006ea581b78ff062b921d9d507,0
1649eb7b554852636c5c26ee966de4a3,3
756a7d976d4c987966fc5429afecf437,0
bb93db7df1e7089aadf919cadfb6b8f1,4
4c31a20ca58b535a463d697a809054c7,3
76cf1c5dee2935688afc2f85d3538e09,1
60f7276f94bdd6ba6b0c00a505d29e2b,4
fb5b0ec7d1f60866a8807f572aac03e8,1
566252f4cf7d063bddfb0750e807e120,3
3d1e162a613107b9749ef9b4040db8ef,3
b6b2f28313aed22d095073ed8149e153,1
2366b0404b0fc0138e4e2fc3dd139190,3
6b253574f82729c70dd09b73bbbad57e,1
5284784e3aa027963910b8a416733255,0
c48345164984955149000bb086403775,3
c9674d986e4814568000e13695ed822d,0
498b200984c946e1c22b5e61235a67d6,1
b5fba28ea9af8db1e3947aeecec48b50,4
4f0ddf58a82c354957f090c46aa11953,0
bd3f6eff0fa8a36a4267793ef2fcd5d0,1
b8562dc1f91959732d0da613b99d7f6b,2
e1a2c8754b9a76d21671e05a0d10406f,4
05820c50ee8239fcb25cc60255d04e84,3
67bb25b40a233bc181f8ca48a2d6b599,1
73624c14373c5cab611e9ec06c7d95c3,4
93ed14cdf1950f97b01be4f14f7c3969,4
7b535884e965df311aaa0503ac133712,4
1c251e5f74270b28da73dfbc3a8bbdce,3
3d90d98936b24280bd77324cedcb27dc,3
80aab947eab03c8004420c0b50bc7d70,4
f88b94be254fd0bd024991e005945c01,4
ad6ec6be50f33fbc1ee5f7afdd341696,0
2587c85f695a54f240e4863bb9e4a107,0
87efd1f1fecd74633b6cdd2d5ce65d8d,1
1b9d8a209cd893dcb929b89641c9b259,4
00852f4f666acecd0c0d140365b42efd,3
5132009ee788a4712120e7e319f0f46b,1
12eefc85a4c4e01a357f8aee32dba436,4
9c0eeb0b8a8a53d2052fffedc32ff513,4
5688f70c1b05316376d649d7372afbb2,3
887940e9cee44bafb026a60a28659361,4
bde58d9db31ef82ae40d7b170a091fe9,0
915757428a0bc86d45a9811d28c760d4,3
30a2821df802e01e49bf1ae4671fffc2,4
d422be6562e0b1c984ea3c4a20f06861,3
d3d31db0140779749327c7a5dea1bef9,4
e868ec6b33fd2eb62837eb680c919d14,1
1cfa6d0c145fa1fdb2992749d5c9ee30,4
27b183bdee6f50168d6e3d0147385df3,2
1468339a99e3c8717dc9891111bd4bd4,4
9e0919a4ee3e15fa2abf5a87770e2dec,1
f8677278bfb394346e6bfbb05593f4b8,1
e63f8c7291c78ea26bbcf5268857df61,4
6fbc75ed4b4fc6ef69f8c648f57a5ca1,3
03d2eb71b65a830092a3b6779aedbb4c,4
2b324df0b84c884d9d7a5cc8879f2b5e,1
1ec5b6a56b0053f34b8ec258498adeae,4
4c0cb1aab9f19635b24d9ef502ff3143,1
02b703e9b535936aa0e00886fc4669c3,4
63428fe09f2c41645fbe509d706cb10a,1
aebeb497edb339c6b3485543cf4da7a2,4
9ed8adab116ac0278fdd6271af56131c,2
2a68b88d20f73cb90c5da3c1f649fee0,0
7046a1b20a649fbb7eadc865450f796c,1
ca1f76759ff55d70cb48050fcade17e6,4
6b9991fc55b95f15642bd3c6e4e28a4b,4
b4a1038065d8635f52482755ba3f57c1,1
7b8f7a29d995c62d07e21b266912f063,0
db40be558e1d87c1648e4b685bc7b519,4
91208d978b42be2d4e5eed4e9846c982,4
b40a4aeea7475cba22d52a6fe2a03dfd,4
f041634053a1779ed4ae6f759cf82f6d,4
9a4b1102c5986f62efb9110548aface7,4
5f3e00f3015db676e13a1fa2fb5137c1,0
dc735c5ca24ece5151e7b3a380281a63,1
2c1f7e40b55888dd62fb07c4b6964cae,3
4922f7b7255ac8051f152a38474672bb,2
e36c93483c01072a2ce9fab0093f9a88,1
975825206016778fcd6bff920b1c9b54,3
8a6d7e3f8916ba7ae018aba23639d2b1,1
99cd1b4ad27aab263b3011f3f9491f42,3
5ed8833e5f8c5a44d9b75f091f0b8f6a,2
2f0fc3f5de283c3410d334fcd6f8ad23,0
8b3e71e36090b6926cb1906e219a7349,2
803ff547b80397d4d9d71aebaa72b02a,3
699c3dec3aa3e85fa2f72fd3b4e4946e,4
91842bade43e12772c9b43abd213ee61,2
f707cdb7294afcf25a74ac58f681c15e,3
f0b6ecfa7c4981cc5a89789ceb283ebd,1
f1c3737b33bcafd4959c102693eeadde,4
30f13ff5624b9c77ee9cb519f80293ff,3
408c5c9d520dddfc50b25e9ba09fdce4,4
6eeaf11e28d9c70f65c500af61d1bd9a,0
69ceebe2fd74ec8f986523319c497844,0
b54993e2048fd55e738c96f3da31bf3c,4
e03292e2fc44487dc9ffb93529ac5bb7,0
e5cefc09f126b8bcb58e9ab145ce5593,4
aa4d89923d74bc247b29b306b62c2662,0
7a0691e6e6966c269b84f1d6f18fc7e6,4
2b13e8088a8a89af6147e20c87105cf9,0
42005fa79a350a50782a155a3a653891,4
13f72efb30fb4b96a406e4066a6e61cf,1
05d182270ed7e4e5ad987b263ac3b3a7,3
54e12302c388703dd1d795879c9de9d0,3
3cf2ef98d57b4fb8c6f56f3b14b1e7c6,1
b9bf55b2a45f9639fb4e7474fc67f0b9,0
8006ec36f9b8382486898123cb30f1c2,4
6a2103bf007eb128534d1eba8fa1c5ec,2
c4cf85bc0fb71fcf61128580493c4f66,1
c3de3a123132cd477969a2f85ccf0b15,3
57ff592ab7a5cb307fbd8458ee0fd474,3
fd2580a8f500b27baf6913759b29c003,0
58f634591c48e3a91f138779c1e50798,3
7c9017dd63cfa3b119d283d72e82f377,0
50d94c93b464a4554577db7ba7929301,4
5a2366d82ccc1a8560bcd6b7b58c4d96,4
6563f35b18e8098c803c7f2e1c8936e3,3
320fff521e7efde6434aeb5a91296f02,1
198fa99a10bd4ec2760e31707fb62636,1
bbffb713b0dede988190b31da8e3b36e,3
ac55cf468ae5062bc5c308af25cc81da,4
c982b784597d423549969c62f1da6a02,4
03dffb85cc0a231b84e6754909e37da0,2
3d183aa03cae9456c00b2dcf3523c3b2,4
d79a3d0a0e8120333f1ea82aaaad1dd0,4
ae591b965764afad2f0c8b76c1e7f39f,0
9dffa0c1862b2b3dfcd6fa7d726842e3,3
b40087a8278844b8d6d34e95d64097fa,1
806fbf16638c2e37168f77212df7c45a,1
45f8f287a0335b261b7950ccac7827fd,3
fe4ec31c0f202270eec87466dceaaf39,1
381bb2c2736c02ed70462c57f65fe4aa,3
3d2f016c3d2d8458f321079fe155a7c8,3
e233ca2f65f2e0824cd391f36c0f636e,4
518ffd2dcc9473131836ff6251e58338,4
08a4c95527bb9bdc648c0272624c2b92,4
915aa2f7459d6a071f96098a116d170d,0
16db84cd6ce4370de9d215cdeb56013e,4
fda7085f5d8b6f995922b19f5aeec873,1
a42af31e5445cb7b00723162a02b1cad,3
b08b99430f0bd1e4da76eeec59deb225,2
12fc96e6ef84e3a8c6f1b59a183a2733,4
1f2189fbf35c0c5f9719be712876f8d0,4
92e6be4034e26f1caf0c9cfc6f94cd50,0
69f175c4d16744f6591bc3367cc374e7,4
2a39449ab9ddccf6041fa21b0bab7d50,2
b15c07a489e373b72c10b83c22d3ae25,1
149b57b41941e6da918c88e8bced849f,4
d4070f550b66e7097dabb04c7ebfefcb,4
215ec05e7248f0172a09c674b6dc7ae5,0
efacd3f113b80e319f62dccb13b4c286,2
3c1ef11276c014a08dcfa932a6755203,4
8573a379f364f2fa9a711c7209a4677b,4
2f863c23c4e4601fbbbdbd34408bf65f,3
86ee7ac1665cb42c6a1df5b5745d9d83,1
311b44cd463955e62719d98e415e080d,0
3f07a28b94263c18daa3ef305b423c92,3
d1628767872cfc25d83ffbd08e6ef97c,4
8dd167c030b12625ea6c0c74ed404b95,4
4fc9ec216ed61a3bacd994632ebed8fc,0
132d668f192f4d2dc4644561363a83c9,3
8da8b01f856f8088dc2b9fe0ad1a4b8f,4
0e639fe34495449a610c88828b8e3ea8,1
6953e62d4a67329b876ff66ff984b6bd,4
62d6716fd098022098d52245ded6d606,2
9a297818111900c7cf91c0b5e94e5070,2
e6e27c1f543e935acddadacc451e69ad,3
6300df4fa17fbee3ee356fb9d580bd88,3
d1510ced1838e16b12f677c843263b0f,4
f9459c1fa1b876ff3841eb59cae516a5,4
986b703791e6d03ed52e9d2c394aa683,4
57ecb4e70fb6882ac3286135b0681d95,3
6a3d3663720bb9076891acf576a37371,4
7aefda4a60b70dbe02d29f236c168a4b,1
748990bdbfc2aa3032db1c29a33b2a89,3
90a75a360a6d5049c7698befdabe682c,4
f9f7623a6047903b10b1ae16c7aff8cc,3
35e88bae043f518b845344697609b899,4
f4b1503b311ca0706f8eb8bdb5eb39be,1
2f36e63bf7413d70c12eec5e6762938a,4
0e75e51a1b2c85ae8ea00e5c8d260465,4
82cbe150e9071b05c842f3bb34c7f4e4,3
76fa64698c2b7f8c1bdcd373b7f8f5cb,4
0d303edc9d77cb9cae4f593270fca0b4,3
333de380e827fe38771c93d6d56c2d4b,1
4a872325ce81596fdefcb57b03b17af5,3
80307f30c71b5c9217a61dfb1ee191e0,1
e0570e175f438eee739a7cd6b0d0a22f,2
4c56713c9bf019f349ec26c6438df9bf,1
29c54ad8a60efa8335b72700e7bfc09f,0
85c78cfb9b68711b7811358f70c7d0d6,1
4b8ffe3620a9519ee52835a93452a6a6,3
09d644db4c46709ba1f7270d60080e85,4
9117d3e2ca55722ec9a62953238980b5,1
9f5e314f812d7c15336ce9146079e038,3
8ac253eb9359a9a36b060072fdd19447,1
08d75d17a233cd076bc83864817c3d3b,3
ecf6910183623ccafd797e3a19bd08a7,1
91923384da7a1bd5d84c421eff3c89c6,2
c295302927ba56b384cccb48229f3f94,0
6aab0feb6955065bfc6b45aeffa70fb1,3
bafe18aae21d18bb7b0e3371a6436273,0
b7be2dd67c65f8fa288b1b7e2c0cf4f5,1
487a42d7d63194f3101afec747bfec55,1
00e803f7bc6d21b6d6d3a98136ea4635,2
13d44ada110987271dd12ac738b20589,4
964d3a790cdf4c73cc15c63b539b0b6e,2
2bda78cb690ed26e12436fe0765aed0d,1
cbdd82d57e22fd1336e7a4aa7eb18cee,0
7962766c68c3621432725e668f9959d2,1
4b689e04e51c25673fb8530cc58a806c,1
d1973ec6a667745411aff8709f87a856,4
a26d14ce28e103f0b61bbab262c00158,2
b9767ed88046d4934128b999133c0b75,4
30f57e7ee6d6f9889e27f21a5fbfc1b2,1
42474cae69578d0311b566326ee41d6b,4
7d0b6f2b2ed090bd91eaeff061c90caf,4
53508db82c7ae8feb388bea036b2534e,4
f5fe7813cb7c22a1d4659fef02be7bfb,3
0499d6a2951fe18d4d9ed7b5d908ca19,4
a5d1e56be1433e982c3c599d4a4fe2c7,4
0d17b20afc25b9c614b7caf6d6e181f8,4
6ea77a74d4022a733b0e5870fafcaabb,0
a6ec3610e13c6a68a105945d1f7879ad,3
75165fee0cc940da94337035138bc183,0
06fb2fe9b141d6f8b060c574c5b5b71f,0
ba5bfa71b76835b1659ee64e15b734b2,3
f825e3df237f402f744352c269ba98fc,3
b737edb5734e626b236a95d44ad07f2a,0
a77cff5c02766935e73241222a72e008,2
1b3f54e00d7c78addef39c4883e82906,0
c8531cc5fbefc10eb76f3ed28911f66a,4
9e716925bbe094ea695c225058c2840f,3
a3596a633bb9916de2dbd1918ba326fe,4
223d05456e445344393aeddbcfc82a1a,3
1eba03c7fab03388316bcc217beeda47,3
9d267df6b70ba8fc9792f7f32e9ee3ac,3
edc1ae7e01ffab863064cd7005ac4a8b,2
b84ec83102b99b52f00457d878bdf697,4
6a220720b35b2f3f7be8adfe1aefd47f,1
0e90cb853133df4634bb1ac2cd8d7b4e,4
718f669bd394c0f65a97e17aa0ad5da2,4
14d798f5800484124833e368f18f652f,0
cdccad861e8870165b247887306e2f1b,2
2eca4b9f7b80bf76da506bdfb8564f85,2
2d6efcaf85b28ce758203d38b8748f71,4
8258e5c9efe3c0739b8b7951c7e21a4b,1
4cef2595bdee542263b8f43a2b180835,1
34691cbaa52e4dff00e84f94a894d810,4
3ef9312b3c8bcd6f53849acb23f78be4,0
ff5ed4106759efd6fc5eb97ea8babf0b,3
9d52faec9df60a3004ece8cb26b0587d,4
0f9db82b62c4c63f77633b4a4c47ea51,0
ee92e7d67f468b101e4ac74a32a845c7,1
41b3c131de69f04f9865c94279626472,1
1dfeb95cac348c95e0b771f8bf85fedf,1
d7719b5501892d822dceb7736fe045b5,0
4a3214739505c7c9ed96258884126b25,4
96108bae664a225a08912167fcc58399,1
b351e897f013b42dec4997b08c5f9273,1
0b1923724c0e942c2edae3437f0fccc2,4
f9aadb1a44b9666f5d996f5b4049e45f,4
814beaf9072de295cc7ac94907094141,0
4637948b51f3e32c9873e36f6665b35e,0
83e0226c4a6e89e095ce9bff9902adcb,4
62a03c69b5796033f8614d5fc8f0bb56,4
481e67781d20c05c066ff9c5f25e4242,3
97b6ffeed4ff537db21e052f0a1848ba,2
897e97183dadd9674f3b9b3c0867b82f,4
f965e0dedce70e7e366b1991d2067bfb,3
cfa7a311344a1f0aa377784e78e8002c,3
616e5342b5c1fdf9a7de18b58f7a07db,0
fe64b09b1e78de73cc137ce86402a096,1
9e31dd3226f12f4abbe07ef20ed253b0,3
540994f948ef9bb78eaed11391980e4d,1
f48df25f38581b5ac319f5722875c897,1
d8caa3d5f6c1373f472a22cd82fe877d,3
43225572932614c6d0762122f487d679,4
483142f9ddf4311ffac7707ec01a8fd6,1
97a9cc909b7fd602f29a8ca23aa9854c,4
d980503f1b2bd2e72c281f166b69c26b,3
2c4a77a7d016ffb8e4cb629ba8b7c3c9,3
dfc5527bc55497562c389480b4a8ffd1,1
564265894aaf89b1c36b40efd505501d,3
4f023352c565d8a9055d1c4844117cc0,0
dee2871444a34e87b97960d0785d980a,3
a62802394798006ba58ab668bc64ec85,4
37016e1ab9e3111fdb165f6946889ef3,3
fd11bc5c6a044023c6bcb6e35ff794ef,3
64c192cf8c3e2a7e3818b9ad807bd477,0
959cd8892956c1dd9cd6532e6ffcdf55,4
0e458f151438ef58ebf0f6322942ac11,1
97c044695be31434e6dcbfcdbe4b0c4e,3
c92bd43a3f070a7bdc5f174c7243b861,1
7a35746aff0bd1a018effa217cfafc21,2
85692226a25419d1b7e3eff6d2ae6aed,3
ab526e36d3ead21c3ef372de3fb249ff,4
98366658a1ad54b565dd654eb1b6db51,3
5cac347e20567265562e3f8a076326df,1
fe7696e49ad15f45d8e8a04165e162f0,4
a87e35ed5fde21d8cf6178c6735aecc7,1
f0437714213089ecf4060081495b13d4,4
6e4e6db39ee90f055569cc005b1203cb,0
f5f99620e326073d5a95ec345297cf29,4
2f12312e734de9234ffeafb42cd3f6f3,3
2373ac426037d31fe9dbc0b864ec00d6,1
8a3794a2683dbfcd9609105d501c5faa,3
c98ce3f572993e0ad60bb7a322113060,3
9ef48feb747cb4a6395e5abf6b292e21,1
778e80f843082306379084fda4b7f890,0
c4c119e3e6afda90b43e844fc7d725a3,1
7482c2cc43ee62fae21b235d6f6b4d5f,3
1fe538f8f81918eec1e6d6a69b7e4da6,3
9f446a4f936e48ddd81f9b045219e8dc,1
a67683f57815910b652d1c89281d264c,4
43fbd9c7259a12a40e7114cf24a498a0,1
89a06575de4d09cdf1c23460c6645f27,4
a3a4c0675c01cc9ee8e1f5612b218baf,3
84afb361b0e1169f949ce6770d140afe,1
dde1b59c88c2035b36fe9cd19fab50be,3
1f28012e77b90cfcef57169d42606d80,1
ce5e842cf2d4634e9af08c7bef4eaaab,4
915c61b8ddce79f4be1e8a97ba644f33,3
24ecacd225d0cdc4fa90bac1a9a776be,3
94c795b27c193ca0e724ad655d5f2ca6,1
a2d041b8c4f8da771e18e368ca2a9fa2,4
a3b77a740788bdf12149b5a5cbae616f,1
0fc9b611a364c37d98d98b90fce5f53a,4
f6978ff0f46a1db7c7a380750b491048,2
646f1f9bec000109eb82a3a1c2ace36d,2
839887d8c33e4bdf8c04a4deac0cab73,4
e8c2207a28da82e1c02fa13a3448dbc0,1
04b77d0fe41a020058d670e1083ce388,4
d24f33fb3ae7bf4d7af10b16c8ae7146,3
29298cd423b29080ad794dc44dfe340f,1
b4d5076653de6713785083548a263e7b,0
71f187fca9a314fcf9274de4c21b1d24,1
bc6d67e9eaa764e0ab3f83356bf80173,0
489b03c8f4c3a41b45790657e353ed09,4
632fda2695391681f68db252689bfdb4,0
3fd4a1e11be728811e1beb1c53174e4a,3
54036c5e302ea31809a744db978cf6c3,0
6082bc6d60416be776aa3c6a92ec3a6b,2
bf75cb4f82e2e0fcdc8a8f6f4ac3a837,2
75f7b002a9c878d7aea6523d693cc831,1
d0528bc02760d136b3fc0b778841409d,1
0370dc76bacae16e2e447b6a7549f3df,1
1c9d42b1ee16176c8e7b39d5f7fcd749,3
a624774a47d757eaa69ef75e23e88a9b,4
f1fa785e5a542dc3bfeceec7089b5e7e,1
f32b565d1f53c181dfaf618805afdb10,0
a825e182ee37eb8c64b7061ca813f80f,3
ecb99d00e461932c0c6bf09975c15a29,3
2dbf9367ad18373dd760d0109a64ce69,2
816e6b2934b0bc4a1f3a5612187450b3,0
edd6b5f872d3c3cb04b996ec94e61bfb,3
9ba5b81a9548ec1993814b71d5ecd559,4
cf9908b1e0ecb9123030bad11fb250e2,0
4b808259c23895cd9bd56a20d1e03cff,0
b62b43f7d8c9cc1b91738c791ece0e58,0
b37b06e755128a3c02b4f2a6030cca9e,1
7efef776fb375d5411adbf7fa385d36a,1
caec58508b0aba1954adf6633d818244,0
dfa78c45042d5ed92d6f7a8e3aec925c,0
37f6099ec73f61d4bae219f26504891a,1
59b7ee45662f7781f69682bf298110fb,0
9d0bb5e14aa29e85036dfb84143372ad,4
28e1a85a719152093018c54f5da08281,4
cff1215ab5b2b6d2c5ebf32c9366b3aa,1
553e2ef8ce07bbf7cc025c6d838db0f9,4
407051bd7a3b2cf0d35476975e07cb60,1
fe584d3bcf414bf5dec83d7c20de6e2a,4
7459b6e1830f58a4219c6cf5810a98cd,1
7d1907cc0a40eea5dc1ae859b5a4d08c,0
0604ff41955c679a5e44186335e5a681,4
15cf8fb054357455d11c52a126ae9087,3
b6d59519bec237db32744b5db737f0cb,4
6b9c8b20858ccbc1e62f2256dca17b05,3
fd3223d8c6bcfac65eba61812b06d796,1
ed5e62c94d1cc80bc1a1a2173c4c84b4,0
165341f710eecb935c27ccdadb1fa8c4,1
9049d514917bab46d5278ac2fbccd709,4
c6ee71566a6fd47efbfe9f504471118a,3
44252eee1ca2326020d21cf166233e75,4
3fc61b889f77b9826c41f445424591b8,1
92c0f1b547637ebaa798ef32e8ea37a9,4
a9a616a7dbb97fffba7ea4e8c2482c16,4
6a9139b1974f4beb4a7c69c37e51b62e,1
c17fa1be8f5faa6ff5f1745caca0cd73,1
b00279241ae5f0027f8fa4377ac230a8,3
e419c14bef02751c4fe60a27071e5bc8,4
ed37f576f9dd976c810225d9cc8fd005,4
1a9c8ab9e0eda184ffe68cfec28dbdee,0
1841a6f53819df19a8ba88f89522c1ff,4
c8ca31de092bc96d1f20d2e41bdb2e78,1
462076d401c1fcf60f346457592d3fbb,0
9ac588bbc35102d9247c4176b26f48f1,4
cc5312e965bfa9fb3050245165bc9054,0
15bac79bbdd3536e6861601920286b79,2
f0a6d381d56ee1bc11748f4c10c69a21,4
92f29ab58e977f23aca37f4b0ffa040d,1
d9ed954b28c1d10b3fae363775b6f997,4
6a6645b79ae83bd8711262b30b94e30a,4
6b5d4db8858db994bee74abe9ec9cf9b,4
76fda3606fdaced08a7a3be70aecee53,3
13aee49058a59c2b1c312381aac5d963,1
2df326d4218c4b961ecb54291dbc7916,3
4b352b22111b0556b8bc8f69bb9c9dec,3
3745ec8cd1dd012ffbe9b2756b20d914,2
b6de5856c7a8d1cf91f32a2c77212bae,1
60efa19af82d17dd921ae9db77335f53,2
2839850706222ce1eda693553ac10d99,1
027f28c9c4e255b22a8e0026cd5868b3,4
b69f035667ea37ad580beabae7738b86,4
f9ddd5af01c53e08e37a1ca12112d7a5,1
51c064547015d7c36bd8aa5944a3f833,1
bdc51ab95ad2951043e00d2b7b0b7ed8,3
4b03fe829ad759e55347910e21bc2a46,3
51d947473c92690a8556ff96b13c4369,0
2a2b0bf71bb2401d2e712c3c92ea480b,0
efd978edcebabff3bc7e967f0e526c6a,1
1e0f8fc4257e867223e99766d8a8894a,3
94ac760ff9e0655f5d528c4184bc518a,2
9c95949f0d0cec0761e7a99700d34306,0
79f5ae65ab5f0d3e79b4da36677ed47f,1
a2065d4baf3a5c48803a84a22ad31b7a,0
2f38504dafae7f2b5433fb86695e2382,1
6b3a482917f00f1600ea2026c06a9b4c,0
75b6605906b8ec9675d348bf30f1b688,2
b724e50fea192215c77687dcf20255a2,3
04e14a0f597f99c44671144f5b89c5b5,1
4366c635df2077441bcb7f5df4ad80ff,0
0290c31cfc41f2dc51dcaff0dbda2da5,4
4e18fe71f3b3d3bc8cdee7b8f9c38402,2
886a83b20fcfaf6da0771a6dbecaf8de,4
82814478d316d9fd525946ed01dc44a7,2
89d2abdd0e3c3d0323fe1d81e8ed9252,4
78d7fead26a396a524e788e6f5950466,0
8fcf0f52ebc41cfd3f2ae45b8efe4615,4
0f3ee1f52ad4ba768a185155df012284,4
ce2e9a92fa06bc5163be86ed895cb89d,2
71f28c91b6d22191aee16b1aa615847d,0
41484dbfca6295f1a10ce2935ec09de3,4
71ad64ce868c95ea3d9824075e56b38c,3
e5873669480708c5edbe4c59c96e6a46,4
e6c831f47cd46a75ea7af8192f192bf9,3
5765f7c56aea92451498674f8aa3241d,3
1bccb6f0b68c6ac730befe8d2d4f4ba0,0
ad276a9342aee804fa735c943f02fed6,1
dbd392009dfe68c006361914f749187d,4
26f9678653eefd00b67491bebbf60064,1
323e8e7bc5d44028879a1ca5ffef1e4a,1
fef84518e3118b231928869a6b36e94e,1
0f8daf924378729a935ac0833a090a85,4
f5ed0dd22f54821717faee07338fd06d,2
544760a5dd9f622e8f0a119be164847e,1
6039cf1ebe0d6a24e68035d234c096e2,3
38268a2f90599d34802dd275ee8b7b00,3
f9745be00ab758aff6cb7272d1d6d625,1
0db28e0892e415affc723298a87957ff,4
2523e2e661eea72f52ade89210e07734,1
8e026ae148c6476bbe442e41ca5606a2,0
c62526c4fb32f5bddf85b501978b6809,0
437df0a8a999fd6de529d8cdc18dccb0,4
3822a8acc99caf27bc152880d6f7582e,0
9e641ce1362ddee507d4a57d223a03d4,3
8d048c7dce1e212056df1dd64db40093,3
1c0c7646aa49b31dd9141bfec9fabf75,4
48ad0114fb3a5d09d0c698c5cfb68612,4
bd256d512ed9bf301651ea68c56fe1a4,4
be3cbf853e0eecdf2eec6d19925f7416,3
c737931ace0847a9d294b4c5a11289d0,4
549bc786a9c0ea09136f9e83d4066cc8,1
e55090ace10e269e71ac902309d3c35e,4
d0a28e5068232ed4cb8287ab9162d4c4,4
34e781fdd3927c80ad4a6197a84825fe,1
38e433222bf87d187376cf8e5fa2c02d,0
e10299e094206c00a680a589285111a7,0
3ddbdca4fc4c218893a7600ad8ce4a96,1
9b701b61cf3170d73d4e0491d6415e57,2
04dd66d05181e2f408e5c10667df8037,3
1ae493defede7d4570cec77eccafa829,0
7d0477820da6ac6884edd2c4fe35df09,0
c603a9652a10ba1d472f417c5a184a3d,1
2fe92a923a6ca5c86bcc3f995b7f967a,4
81dd08d8ebb069a28b315767e15ab6dd,2
2c19ffc80b8b378351249755a6a58bc2,0
b4bc5ced3660a3dc7e4cc33c843e11ce,1
b9da60708afd88a70cb9921bcbdc83af,0
d68ccd9ee12ece59993a37f9ba0d643a,0
a0fb10af2cd341bef9d032acbbeaa2ab,1
f665424179e069379c35a36507d30b5a,1
9bcda1f5b4c538c5ff163f5aeed55b56,1
fea9d31e49b014ecedb876a726a990d1,0
377a96a144356b68008ffa2e2396c31a,2
05f831c34850dcbee0a8961d13d3f710,3
b258e666123465da634ba483c7c04eb5,0
4eec5ef91646206b37547d55a91a1ac3,3
f5ed00c5c306a23af3a8248a6d26cbd0,4
60f5d462c0b0b64d9ccb82d0c2e57521,3
7576997bed6b17650c69851a419bad9c,3
cd6c2e66fc0039ecf99744f6078d8d80,1
61310acb01cc37113756a2b214c839de,1
b72d8fada3ceb9e295af2dfc58b6dd01,1
238979a52c81fa43ff5b7e20fb1e22c0,4
49ad14d983bd3e8e96d4c8665d1d0fe7,0
74ddb79abea6b2145cbe4dd0fb494079,3
5181cf2028ed0af6e7bd3f22caac5af9,4
1479e8296f90f0d8f77d94f920af5752,4
9372e5f5f6eed782d85d366713eac3c9,1
0c09c85e41c0b33d227f682fcf6d668c,4
cf3700251127de116e7d0d4e9ab15aa8,0
055e994c946b55f44a8351330e438e5a,2
81a4162b18dc092de3c0688b4a876369,1
ee130e3aa5554ed948d5f6784898b6a2,3
638ac36a78d35b91f9e854b2f380b696,1
9e068c6e67faba46ff65a9f1d26a2d03,4
c6f4b93becf9f820ade022d60f326ca5,0
9a8d6f1d7e2b3e1dffc00b9165a5c74a,4
305cc4aaba0123bd296e7c3d99d1e375,1
34343bf355a772f157ca126ec45f81e7,0
9e68dff868a5bd768b3806cf8795979c,4
572d12257240576627c8c7dbfa558378,4
54e6d73e835ea9a791ff0983abd2845e,1
2efc67312a4f1b4bea3315451b53c2a0,0
86a37e0d054a06d93c56335dd3522db1,3
d1eeb2ab656553cb3539e18a1c48c032,4
0aa92f15ee448274e78f58885fb65f55,4
9259402e7af83c5777c328d8f9fca663,1
555ca93f45d0a8f079e67d24741bb4aa,2
c313fd03eb9513bc25f782607b625c81,1
7c51693941ad2a7daea2bb95127f5142,0
1ec9c8869219e2120ae39659786fd251,0
ea5b797ba9529a0b8c5ff7fa434108b1,0
4b87aec757a4464facc5f42cf8fb0639,2
19b371bd265d94d4f33a37ec1df56971,1
f76df1b165b345492bd072f6a4fa4502,1
9c70c9138668ba0ecc45cff4c5028d29,1
583f50e763bbba5e2ce82d37987664bd,4
1cd17195a232b0206f949226db78d4d8,4
6457ec0540020695705ba694fc16e28f,3
a91a8bea139289e4277bd51503891d91,3
b8dfb0a61ec13d886ace00ab935bb685,0
c01cfccbe57e244c665c9b8519a78756,0
84741102bb817fe4537e3db644150d52,1
8f2306a5c11281aa535125f0e8987d5e,4
6e13258167d747b46a3247a9d501337e,4
b71c151d363d472ac99942529cd1b0f7,0
db66550f977c87b32e6f5c64e8e734a9,2
1a3ad8f26c96f45da10a73397f8dd6c2,1
a407860a2eefa7af2b25187b9a7185c8,4
e916b2b54c0be480866501a497bee256,3
0d7dc153af444380ab54219317450074,1
3515183b740de3fea3799f42812513e9,3
63668c7b159fd8250be51fbc4d8b1cc6,1
30393c0bbee3171b105a88142f1e6eff,4
e0dfc217cbb43ea08def570b0c404bf6,2
90e38389034da9dce6d3ac43a8de7cf1,1
09a8bc119aeb2f30b6b83d62e7db5035,2
83e90ca66f21855f977d587511088529,3
ff0dc86f342218bc603798edce886a90,3
e484bba5854dea71406356cdfcadd5d6,4
666698e39cb87a4557814f633db61338,4
2204dfd159aa259ac1a747d17e470920,0
a23bcd215d09f9ae233d0f535ea7ce6a,3
f68982758320e33ef7c8693a006594f1,0
c88712845ca3ac99bd54250c3db7ba2f,4
613ef677a044b45facfc4b6bc7283af6,0
44973497dce8c54043ce361560099bcc,4
ca80de112267af6ce3889eeea85b8c80,1
fda6dca87a0de48f83227817e3421e20,4
b1f5ff16df7c20e2cf54eeef1d252487,3
6c70588c60bd5ba13e633ccc624ec0d4,4
0a17a40da339434863c4ae1382d8ab51,1
daeef2ac11bc57603bc8d693dd291ae7,1
4888689efcd6c8a9fab3086095447b3a,3
a77a2cff44f98e273c0c1d4fdb0f40bc,1
5a1d68bd7ec961f4f05c62e20ba7a1a7,4
1df897ec1e6509953e1f71c999c9fdd2,1
a7d850dd7262f905e8e12b1ed617173a,1
d34ca5a677756886db4a02336818d356,0
4b56373a4831f5c98d74cc68dbcddc9e,3
483868a6f45033dec580234ef8fb6b0b,3
a13c46305b952d6dd5eb3824b328d200,4
f1a740c20f59a21e0fb3dc2aa6cec8af,1
798d95e2eb50c9c4e85173100849fa8e,1
277db3b16335aaaff7a325bed3d033d9,4
f5d5eb12aab40e2ab552169f1a52264f,4
ffeb2a1cf53464b6af937ab8af0c2946,3
9a284892cf5d7f9bfb142cde0437cdb9,0
e9b2381dc9fcbf49cf7a79499259eb13,3
731daa7a07f1358cb72fd19ef5f52fe3,4
6223b0b28634ac2b6b3ad2b179003f70,1
4caa1db20d8cc325f46f1374192ab213,4
81f73b1c9fe00627ac1b3c3a286f98de,3
d6fd8b17a4741064be8426144fdea91c,3
4e912ad2f0badb6d68203929e8e83402,4
df016944b885993ae1a8b3def618effd,3
959400d206b1ddae5ca716a7ab138620,3
9591a642b6dc3721567d161ef8571146,0
3f3f3c6f98f62eb2c570b3219aa15f86,3
381e3d63366872e5aa8e590091e7880d,4
00c08828fce04e360c732cac01edad9e,4
86b031e4fd1f77a2655a4d4800f2fb2a,1
4c19e36dd9bafabd0371a235f9a30c54,3
4cd38eff81a074d50770d15bb36bce8c,3
fb32685e2146dda79263c8aa87aeb7f3,3
3e33ab800f35e6a705f7d2d90a608f16,3
6dad59b7a8e4f866a4cd6e38df2d58b4,0
9a22a6d0c9aecd3a160b68d4e711af4e,4
ee23c329a5bdb7a53feca32c816d7a3d,4
c071436d19e00cb4db380bef0fd04c3d,4
04c1912eb5fbcdcaa7d1176a76a04f3e,4
b1f391f21501e8c4befc5ea6dcf42f2b,0
32bee61b777b1e7c3e81ba95082998ce,4
b27982119e71cc52385051db7a8c4261,1
5280e81a1c536025cc22deda9686ea97,0
8bf24411fbc61c00ad67f8763e34a350,3
ed7c6f7947b62e52237e466512fc7458,4
1f076b0c621db53f07d55a17ed858663,3
2754e918b59ab083a91ab0281ffe6b4d,3
08fd481a61243e645e11255604c0f8a9,3
84e8806bf38ef66948334d94328039a5,1
5212126d8b7e133108105fdc43792694,3
3f01e65ec8db78bf4936b572cae12641,4
27ad1e4951c06552931b7c055230cb00,1
0a33876ddd18659d2f3a7f471d7af0f6,1
a4dd6100ad430d70d102b67e1b0d81d2,4
7fc4a7ed17211ccf688a1c85046c8efc,3
8f3d3d11f38d8373586210fb820f7738,0
98825ff06403a3cb6f74d4ab9e7f2304,4
a08c8411b836ac3199d4803d2e0cd077,2
bdb17d6e3a0894cf6c3b3c0df4721f2d,1
f3bb5ec9e74226e8f324ef431ae04afd,1
ec5d6320deae784572cff78cfed78897,3
49105e61736382940e0c3be4057e2a25,1
fd7b7e558cd63f0cf26025b63d3b63a1,4
dd4c9739d38eaa57326d51951113bd5d,3
06215232dadf540e92011542e1f8dbd9,1
18ba44eb07f39140577a3b1e87746ace,4
99120afa3a021c260a31fc8ba75585fb,1
0587bd3593b2fde3f5fa2c627565e6ee,4
2db8bfb20326a1fa28a8198455a6a53c,3
23c52edfa6e7aaf21580f536560ea707,4
76bc2811cc2bd59339219b26fbdc1e45,3
6ed255fed7c7e22f299dfdd46f4b4a05,0
9b31876df96972e2f0b49f8fa0b103d1,4
dc6a97b97fd1305bf5ae1da31a79103b,4
196fff22ad3662fac4f92d3347835810,4
ef5e7c74ff5658466603fc7310ae7919,3
61ad691df269b246808a15b7e4370ef7,0
6a3d4a57506be04783794c928865dac7,4
f862db487bb05e503c29c17bf35f5825,1
fdb273780ac1826aef9de8c6a2d425f4,1
83232b954d668914b44346e87d3e62ba,1
a00f5b025450bf9f90f3ab36037bb183,4
4b8bc91c8008d345eba04cc9b2f19c6a,4
f92c9b17f911e4c074688e06e580432b,3
ddb940b6137accd4ae1fcd6b23dcb2bf,4
280f69c31e18b6c79bc2a53901f9a02d,4
6539c0396bf685e6c7d5e6ad8a805eb2,0
ac3659625c412b5912a07a451effaf9a,0
5061a6faaef1fa5f54b7de08048065f7,4
4b093c4983025a118e026e0c6fdc83d8,3
9e33c6799e84e5be3fd8f2d4ea47c130,4
7ec0ba110f43e15c10a86ba889621f2f,3
5f0e61458dbc44bb3608149cce1262c9,3
a110e5a5c453b70f2bb06afcb748a88d,3
48de79aa7ba2f539c2abb8a2ff8c0794,4
5fe28b9c406673c79d021ca952fbd7a5,1
e548276854f2e53ae457ba1f770f1e66,1
8dfa2f8c996807a1b8057e0012ce5012,1
7e04e1a29c88279efd30b65977d6be76,1
c00aed00cbe5071f82979d1641fa7185,1
02b5b88e51b7abd559bfb95138f33b95,0
67eeff67efd55fd87447a52cdb4a6eaf,0
55b51fcf47a543b6d4cc17af82a75cc7,4
e3c9e6ed4efb14ba5ab72ca60803ec3e,0
96eee6e1f5a9482fa4960b8f341a3d10,1
fc930ef4ee4c938fb36348f5bc007f38,3
f5d718bf756a0870633c88d6c52078ec,4
21158c26655983cf14f15e21bf88610e,4
135f2018bf443eeefaf26fa6d8dcdf1a,1
d5f3abe9065d79089593e1860b6e195e,1
a34aa7275ea8d9d5c4275d55f3276f7e,3
20a2073f4288b64e5edd0205be01f4a1,4
adbe776acff010df2d1fd43dcabb8ac9,1
eaedd53353cbd4519d26f2dd198e59c3,3
b5aee2eb4be131058d4f6c1e9cfeb4a1,1
526f020a032354b5fa8ea2731bf232a6,4
effe1cf8525b887419cd0f3b5690273a,2
148657b311544162d82bdd69a71407ca,3
355ff0ad42d1db452f6eeb0d3fb80d48,1
825ad2d975947f00843b4725436bf57a,4
17da8cf7f7e6d8ead991199ec47a77b3,3
c34a17ff688f49d0d426dc10d013ff1b,3
ec824b7145a930d929b8842647b57f95,4
9ac3d2abf6fb46f331f4c17e65c91fdc,0
aa456798369f762a5448e039fb76636f,0
2d83cc192df3ddac16287ca39948cdf8,1
a406023ece0684804b19d5ea05b70a90,3
945a669c81ee08470a52b1e0f994b613,4
f49e74d9cc932fa8f2caa90f17a4f0c6,4
5f2c4c65f9a99def7a04cc7a6207c280,3
2be455aa51ef5478c39d9d390634438f,4
796711a0e2fd97c2f42bb68212b1c04a,4
1463f8bb599054285847cd848bc28487,4
e36dd436d0624d4a98688fa187ffa81a,4
280a83d130d02b619698dd09081898f2,1
9c82abb2b9f4fcb7dd49d7daa9642de3,3
b1572768b527e1f654ba6b79bd84e096,3
9324568e70ca33b834c34ab9c1700db7,4
be3b6aebcdb54e210c2f7d15804390d8,1
2c2c059f9b31921993d394f60e5ace92,0
3915525352084c3214611e50040fc418,1
653fcfa891baf0e6dab175bc757bb1dd,3
ec9ea382f8eddf85ee5ff19a1514f01f,4
0d2af70d56bd286a214e0c65c2878822,0
6c6fc0a1bd638792e341c75949c76428,0
8ea9723c55e8d7ac910a700ec41ffa7c,1
17539bdd4e8b88b375733fc68a8b40d9,3
b67a9f121c799fd7026a770472f5f7bd,3
78f2615a03e809b74fe07c140ee42077,4
fe95e014bee15aa951836e6e7cfad8ec,1
ae03caf7508d9181a5a185a2e1f73b50,3
0495e5cb93952bc4a728c19e40322679,2
79a246d698e1982d89afaed5461ab0f3,1
456438100ff4b654c18b5c79342fc9de,4
8c0a68ed662b2c2d33cd058d99aa7538,3
463bc52f4336a852e9a3d7a272bcc3e9,4
a23765f86b5e203d701ccfc09317a7ba,1
7efa6c5d6ba58e3ed03fb40ed0591b9d,1
549a7ab1a003df588f375bc0a792225e,4
70b6312c3fcce84cc1295d4efbd47415,0
67c4b6b746c755d45f5a8edf05aa0ffa,4
3d1b75d525e2c6895d8a278aa129e7b1,2
e73b1ad30b9596483ffa72e4133779d9,0
1dad632de9aaafe6b438b59e04967cc8,4
ae7adf7929dc7243238ab83359063bd4,0
fbcc7a2d563db710395edede6872783f,1
a931e008f110c77b13ea249df6297b4f,0
0eb6a3cda98bd6f037b7cebf7f305723,3
c6e3da39b3a0329a8733a41f1e38d59a,4
ee148aefdd6d5e76f2dba6a55c0de3df,4
4430c51f1ec5d56941bda4aa9bce764c,1
6fab8549a04c04aebe75f9fcf97017bd,4
692e00c0e37fc314061520c77903e7c5,0
368ad58321a749cf31064a98b329d7a5,3
dcb0769a783df5396a551def5b69d6b2,0
c802cc19d800e645b4b257ce79a37d44,3
1c81214d0273f31f73821eacfcdb67a9,1
b6e304b1c30d81357a5ede7793288027,4
73faf1531916cda95a05374ed4e97c6f,0
7108a9b219726202f7f039e7e08e3cb8,2
0e2d6f606c56962c96a16d610c876849,3
41c1ba1e902c13e37d9864957f34a4cc,1
cca057a32f9dd5cb1ce944498e36c25c,0
ac1bc5455a07fb11d1c5becad54003a0,4
115ce4280900884c74e9d92d8c73047e,1
b688bb340c7c93935f4dc2dc7411754a,4
96b9057633f12a358d17f0919e7d8057,2
9f555b7414f4d1d877b1fd364a3f26ce,3
75728515293fcaeb3dee1a4e7d3fc022,3
1473b8073b52fa5a96f42cf475b5e04f,4
2229fbeb253e3ebf688c337a5393db3d,4
e5ac810608092d829f60b811910efb99,1
4ed870af8ad5d7b4c576dada0e2fcd0f,0
034d01c095f88f0bcde09c3bb96682cd,2
2302b8517f7d0b78e264de60515b9695,1
fc1d2c85c67cb0074a553c0218238075,4
f6a224537c270d497307caacfe163881,1
88144f4606e3ad8f7d58ae2187ec58eb,3
5ed007eb9634d985916b3d4e113c15b5,1
41652912c74d309efc91cbee862753d7,4
b1bdea91da9192baada843074ac22e75,0
e50d58eaca48b46fcfac1744f527ab40,2
9106d0334497687c0411ad0b65e48efe,4
39309c1b45198d417f8bb99c6b12de66,4
3f098c493c0466fdcf24dcbd5632644c,3
add0f1abd47665725dfb64f6713c3bee,1
ba8564289c7b50c6a2d658b57c1ea085,3
d56061d5a18a2a6338d91c6e56b8b3d3,0
a96f0a05068165d6ab81622170776e38,1
0a4b7be9024c7cd06e78fcb05639e9ef,3
ea347a09638b86bfb093b24055490e1a,1
0d4ebaef1baaac29ef223f7a454c6b9f,4
43fc2008a5332e4b078735407234c691,4
f951d216ab537320621d6e5a676f90f2,3
7717f6c12f864cece4f559a707d34d09,4
ed57845c0742989176899084087b9ffd,4
4acc145d582d2e4baf8559643dcc6140,0
903019a731861d257be5715d71cb82b7,4
451ba99112288f490a2f276228db2cdb,3
0d5e9140f7047c5b768fa288732c17a7,0
547cca1ce89ae31f1d0ca8acc407e520,1
95d2ab0af977bf732b85c35a553e2810,4
3bf63e9a3ba04561c3c10f19b412d483,1
54ce508200bf48cd1fe95b8606e80f6b,2
21ea8c5302eae1b3e13b35617bf318af,3
4a4489e531f6cc32e28597c0308263e6,1
33214a5e8c5638a578a93c7c5ad26583,2
faff7516e5e1d5224b5ad858735c5148,1
1bf375c3581a49afb46a159499ca6c2b,3
a4d0d8914a773094ee1a67a88b4804fe,2
48f0f28858fe825ff5b8da8cf8ec6c24,0
7136fbd916c45daca23d5b5ad44e5c9f,1
dee94edd6cbc2eb83e1de69cce18d1f3,3
1d7d73e2dd6699658c5257589394be32,1
214152e7040397a3f7f655bb34489bf0,3
bedadcc55b01b08927574b106c0006c2,4
a205b9114fadb0477ea82bcb10adc83c,1
a042bd5c4326cb495df6c47afc38f870,3
d8185ca6dea0fcdb575f721002a1b845,1
f220a0313279fd2d44ca9c8f2b27d589,1
31f806507c7b7bfe8835c6ff4dfd9513,2
676aedfc54a5b6a71f2f3653753c3fc9,3
a919142dd7970101500e86fcf9880148,3
1ca057ff063c3ecaf5207634bdc0fa0d,1
1230af0e1025f0aa12fd5a38965f4ca1,1
d49c41c288961f13b9110ac59be6c107,4
f76b7fe33dac3fb1b56d82effa64082b,1
ad724804c447a77cb3ddd3dbefd9a0ce,4
f21455130d551550077bbe9829660a1c,3
a66f895d03ea74bcd39fd52d4b8191e1,3
1aae65741803eaede95103590b9cbdef,3
624e2ce1b89238660ab375a126252272,1
9d93904c740af00c1e150c7046b858f2,0
ba0a04bdf013bdb3a85837803db420bc,4
181ae4d285deacdcdeb116e91204c74a,2
494e0cc189bf3abd4059cefca5ae672a,3
1ed941bc85ff67eb83d243dab5f29cdf,0
2df254273837a73be2a6da6d5f9a5f33,3
9482645193c21874caac4086d425db7a,3
18dbb4cc1abafab5c29f75df014be759,4
6786c5a2e9af30a85e237e7e0ea3728b,4
3e0069f5bfb161e914d1b85750aa22dd,4
5bce2a2450348d8bbac7e469b871ebca,1
561c7c6e4996272dd350032eac722098,3
d626bf9c98ea3807d35b3f237ea7352d,4
281103d4110da0bc572e85732268ace3,3
04335847221321fc6000797aa07093a2,4
69d55d78f73d18e9520169840e72ca03,1
7f9f5ad4ccff9d21f6fccce8c799de87,4
3adcaed3ec273f5cf742f4bcf32da25f,4
b9fe14cdf8044bb9a2b4cb84f9949bd8,1
318d8dad1a32ccdef0efa7fd0115fa78,1
f872604de659687bec4fe20c90202e02,4
2f7224fa88ea354620d2aadfeaa9dfbc,2
dc86b2ba5cba5e90ea9bbaf5832bb3b9,1
9ee772a5135361b1006cccee53d01dc2,4
80d37af852072d74d19a0a2265f1ed49,1
7e627ee9c2b7b6b2953e1cf80f30628e,1
5118ab9141eb1a0a19a85b5966eb41ad,1
f9b5254ddc08b637e3eaefb58dd5ba79,4
98e235b2446b9510498cf5e01ca94a96,0
838efb4f85167495b686f57636b5d43e,3
3799dd7ac329394cf52be48d5caff58d,0
57ce88188e2a6073484c02b5855be77e,1
c9ff63e55c4e0542a7854ceebc9be325,1
b23a29b9bcda01677f772dc6fcfed570,3
0a99f8367249495f518de60eed8e9ef8,1
6deaf7b6bb6380528636b2bb5d4fca55,4
ac499c35e82916fa9ae27193904ae8f6,1
0e615c1881e210c93e0722fdf37ccd2e,3
3d45864ae86e1d39f33e0edbdce32854,1
b62fc5d7d6a2f11b63769e101dd15187,1
93dc17b65eda43a4d39a4b93f738f8e2,3
8f9f503d50ada47f8688c3ccf16c2148,4
1a7e65afffe502a11eac13231b6259a6,1
0da81f90c384f73d2f0e8f466a27bc64,3
300863253029969df01d20393725a7f9,3
4e608f0d35153c4c2bc2d0db6f035d84,1
43b56f8d2a7dbc8c69a98f002fea9879,4
d57aee9f26f8284a5b0a58abecc10b38,3
b5468d3f9d2643530608377b250745dc,4
cb82e2978bf067df5055b72941053013,0
254e80ce411a4895a91b90ab43918beb,4
03763fddc1b3b7e5751cc65398f28bf8,1
b0285eee6c90d102a05a2e2db53a7130,3
9f5d7fa42e13317ff052e05578b61c6e,1
57375ca05323e01ef32b23a57c1b8761,1
c098eb2f9fd56ab49276e9e977bd4d53,1
be1d7ff6a4130a008aaca51254e47768,4
ded1bae57c8db95d2fa4423e7baeedf0,1
e910da596d6154eb7ade04de2a2ad180,4
79596d5f53d6b865c857ebaeebe39761,4
b3475cc580a7cd4eedd8c15129d6c706,3
b3075611363c3516edfe92fcf18e5fbd,3
c2e769f168fe0bc3062fc81a62969a97,3
31dab1cae12e12e76568e33959889c31,4
66044c6422cc42f370f209ab5be93311,3
a2df9c42ab00a97ad6567a58b2365e7a,3
a861e8b8e518bd8aa2ca00bc56ec193d,0
b74fad52f44eb0283c8de2878e6ad9f6,0
e91c4d48eb743d4023aa082fa50350e9,3
8f2515813f4e8046b30a7d0d800b5e91,1
27925a236b91303eae0262f208936d68,3
0f702ce49b098790e8f448f33263d282,4
afcda837be03dce0ddaa46feeab105b6,1
41ccddc2a6b2725291e7176e71f93314,3
769ecab5cb76784d17bcaf3c5b1a8870,1
c4849a51f75a76ba25a1cd55fa48a649,0
ee0fbb964894825c72c6f0c2937c8832,4
913521ee1bc3fbe069edc2e0a0a842c6,1
c64d8382d7554132ba028452d8a4bd8d,4
3e5916ac1172bfcb3b8eb3b8e301c30b,1
1477b7d4ea2559fd7be992fc5cb8959e,4
90a9a426dcc8b18e88fcf4f0e267ef91,4
44b15d81704016837b62f4736b4e431a,1
480e3e48c9ee4f28f4933553961cd205,1
c1afc847eec1a45ab50d00a9792a05fc,4
a3b7e2474f2c7363c78ab1ab6437e766,4
f85d94b55ca48c95ee5fa403d91e2270,4
e462d4535eb2ab0db1bebdcdb9f8718e,1
16963f4310288c0dd14ab086a12827b9,1
432786d0d613040d285ef98ba4ab2f9b,2
e3e54d841e675d7962e8c801629e5e06,4
bebaa17ebab3f7b9c14c78ae44544a0b,4
2affd17cb59c507a7c69cb593c1b2571,4
dbcced63eb64c6618e2fa37a994c967e,1
9c25a2f6524101287b648a6c2f91a954,4
831eddeb327c0dbd67e2a1bfe8fcd969,2
40ce90a98c89fe3599960701c6cfd38e,4
a442d670fd39c8f98ebae16762da4edc,1
c67310e5718cdb6f1fd62683872c6a72,3
2ea41b0c4d19524d9e9b615bb83f5b8c,0
b52906496291025266f97444b79b28c7,1
35a63cfd49e9a6dfb399394ed9a55683,1
e488686d73c4f780621c84dd9894594d,4
2bce1e2c80e91239cebb85460e4195af,2
18879ade3785815058c4063f98def6c5,2
1438f7a4965e34626a44604d5839f9ec,3
9db0716912c7d4ef56f3452a55fd8fa9,0
aafdb461517f99d8abe19ac6425337bc,4
1b028dd8db19c88c28cd74e64ac9b0f6,1
d68b0081f41a483d28baa33313a52d7b,3
a23714cb93801656d68e79d384f14f49,0
7d913482272123cf78565177fdb22510,1
f2077f19eef500da676a2a4f861ceaa1,4
fc819b994c00eca1e22915766fb1acb0,1
f4863bc3a15b27de20a60ac764c6fafa,3
ad570a1661217bd24792fe69f528158d,3
ceb09469fd3809f766299b1fb6f22b5c,4
8d6e85474f9b32e7dfb40b0dccde9fcc,4
df699742f8d36817add8a3763ca8ae4d,3
9201629808055baf03adba699f195ca1,1
ff60ba30933a5e6a262282696e8769d7,0
e430ea83d16fb71f299bfdbaab34ab8f,1
ef29d6035ba8d640a58072ff3273955a,4
b9149e95905943583abcb5d0d17b3c8d,0
5cebb07f7644ce752aeeb8382123217b,1
8ef06a1033fe7129dd70c35e19eb989d,1
9bab7113be30aaf82d12038a5c7cd7a0,4
f06d5a81746f6fd5a8d0b6c2c335d0e9,3
847a8c7328c6bf43c1ea92bd84d78924,4
12db18a5baca0e3fb8158956142edcc3,1
c12636da28a2164020231988d37f8708,3
59c441fdd7603521bcf3bc5e33eff454,1
22ea6abb5b160e1020a2fd1069f4592c,4
dcd92723ff6c111c0f97d1592d1aca3a,4
2f82c81535bf9e51d7b8bf6627c8be52,3
a015debd5dedaae9a9c9aab578424b35,3
76831899927c8d534124cd100f0c8823,1
8526744fc5a1c72bd8695a7ab46dab5c,4
1e6504200115b82473d94f9b620cf4d1,3
38a95a42bf51f14ad19afaf27fb9134c,3
8f22425efefbfc6e49c42a480f419fe8,4
721f55688045b49a39e97767bf037a1d,4
0635e4cfc828131936a33954e41ed0ba,1
b04be86f39fc55c5261216ef681cc5a4,0
0d9d3b0dd65bc84ec5b5e02a4c24340a,1
a540236f005c875fcee9282450f8977b,0
647f936cde0ec3148a65db9310e95c58,2
4d4afabcb6d1566a271fe99d79d2ed3d,1
2b68653633f8213778ff1ebbbc240dd3,0
09f52dc3fab176517bf6259550dd20d4,2
2356d857cd10921a43369df150cdd0c2,1
a6d162ff1d6e903ba90900fddffb16a1,3
c763b2adc17b41ee7341d20e6e13594c,0
9ff0b59e07fb2caa6d590b578de216ce,4
d02b8f773cee23bbda1205fcbabe44c5,4
b2015cde28169f4dec0be01f4a5d6d26,3
fe4e4bf77b6f1c6cefb7e399ac4833a2,4
3d65fe84aac11d8f648693b64ad7b43d,0
17d4efe6861cb19332dffe74c64732b6,4
9d63998b68cb5d5039587e6eecf9756f,0
70b014e5d0f347bd32b2878d8da2210e,3
49e253129e18e4d4c98546126a000a49,4
71144fbd0f1817bbff581ee78b57303f,4
5c58b03f2b250cc89a8a315d2c5243ce,1
cdc1f57375d847959587075b1925d5df,0
9b716b87006fa7066d65038c5b3c7258,1
41b99997ff35c89d85cb7ebc5b6df130,0
bdf99ad28b17492d9cec874c388951b1,2
3aadd5ab97883489f79335bbd8b0d801,0
3b0ba5ad6fc82e1ee0cd1429a34b1f3c,1
6c8bc3a1490ebabca13860d47a6abdcb,3
f8f513df608fc00a8501894cc57b3c5f,1
308585697ef1d90e9275acb8e12c8c98,0
c7d7d404dfd52206b9e638b460aa21e5,0
503f8024f2e716daf108456ccfae12c2,3
3045a5305a4ea294fd417a7f43ba982f,1
ccc0dfbbc932c678fe3a84973de1785e,2
9ec64b6f195fd5ecdbb077e11a227a3b,1
dc1b1938a9c9cd2b07fc1a8476600733,3
0a1e215e4132f6c55e544749c220c7a4,3
1d102f1c74cfb2d4c1bb2fc40b2b4686,3
83b3ce4e877e66e9f31f6907a1f6ba84,0
78505763bc9e257d4e125ca582028f5e,2
a5d203722aaf938c4abca7613275fda4,0
4606fab3eb01a015cfa9e8eaaa2c8ed4,4
5c2b14aa1e4c2b193614b1fc3ddb3b7e,0
9b2dabb72c2de6f50e75c72260169d82,1
0dfe76221a86f387ba243dbb6d890b2f,4
aa17b656fd4199dfa737ce9744abaf1a,0
ffbc32a7b67dfe72b8d35d4b1b35fd6c,3
aec7e3e8fe6d028637d3d9ee08278939,4
d2e0f29f6d158b5b3352f0e14591ab72,1
1e58107da20cda3b2b0606947802dc24,3
e588a640458629d08b4a4ad8936f2a34,4
978661358093e7609d1b19d7af2114f5,1
359603cc97164cddb58555c447705e15,3
f8bf4c1a105397ba45f963102a2f005c,1
5c24273ca27f7bdb2b66690ef13fee28,4
a2c2f48d008f090f7c91108abce47167,0
b5320b4c0010dc5aa9528f1430f96cc7,4
62f8926050c59caea42394adf47049bd,3
ed86679cd418c743ff8da38edb06a0cb,4
74a4d59e2650210f00c312d41c293b6a,0
ba6fbe9fff33c8cc5b9d76e08f636d01,0
bafe007f688dac44f2009294b9b9c308,1
5e19e1fc09dc3b4f6b135f70ad443cac,0
56a7da7da84922b2a0eda3f6f04625f6,4
6928ac44fd9868423cc97fad9c59da44,3
5712c54d6c63efcc853a8bbbb4f0cb8d,1
5571cb8aa919e0dacdadc8d44b648c07,0
e452276a5c9ee325348b8d57f3e3c7d4,3
1bb6a5576292a6f9ce00fcf4d2ee6467,0
b375aaf7bda1bb68a6e724b954b344d2,1
654249634635e4d4579ca3ffcd01f7b1,1
abbd5a83bba4f27048f20a8b42c80743,0
62d695c522e210b9daf489350b1fd927,3
72eb7ca7ba599541f19fa6d5de1220c3,1
b2bc6794a37479a006c80d917c09656a,1
d1aa2b0b453ad1c8ba9048176d6be359,0
c90b3b446fe3fa178471254117dafe10,4
d8bd8de131fda7d2ef63a36b9c378166,3
c7ba0e3627ce58d8adfb05a43a52907d,4
cc9d37b04fb596b3113e3182bf31db47,3
69d554776c637264550fc18b1958acf7,1
ef1a93a741c0543f89cf2dec56812e0f,3
e911063d94fa427c9fde81df4fbab627,0
7dcd813f4587ce98d7414478905759af,4
4fbf92ab5c80e43ba712b5531f222c9f,1
d2e009505c339bb15aa9b759e62073d0,4
681d826e59ff596ee49406d4981675b4,2
50298fcc89a42d975d527d94694ba6c8,4
72dcf24e2936b2df99a995d966f427c3,1
ad0a91f5a5c415c55577b16ecf7deef7,1
f4e00007aec4c689e600118e6bb2239d,3
b0541f633a864cce4caa069ef7c51de6,3
c8f1d97d9ebb666b422025df7ad7fd6c,3
32815f32c2081418d502a3ba1a4d4f61,1
2212141e0770bf2e1cfb8c57db3cdde5,1
fe829d2d57b3363eee1126d7a93737d9,4
800822846a51022651a5e8092a91abe7,3
2df88b555d54de9a6155da5851998ea6,2
cb8e8df98b0766a84a86d64ab556ec64,1
c3566a8d31c303529f5cf4d2ae7fe821,4
9e4a16a25e6d8ef057ab9edb2048867f,3
d241a6eedce2f3b0e14a7ebc817b0ea3,3
c69e941b238da476721bbc8a99188382,3
746fd244f0b91de06c9dd4574393926c,4
0194948a29f0e891c54f88004fb4c51c,4
acd7683a9d9a3cd99ac06ab9ae83839b,4
0279619774b01b44b05b33bff44b541f,1
1b5e6cdf127272e48e0c266fa5c6125d,3
371718d7c175a24ee475d45f188d00ee,0
fe1aa56322605dc0dea8c84191b095ec,4
0c25ed3994fe3602f4ee6460d605d459,4
27d51b020ffe9414fa729a4496d5867f,1
4333ccbf0e4ab6309a20e873eaae1f0e,1
c6049bee00a4d8eecf959d5203dcc91a,4
7734687ff14a3d13440ef8633b1c91a4,3
2b8f3653599e8e5e89d09f892804302d,0
95825997eff2c2ee5d8664aebae0f2a3,4
7553c407c2e21f9e86c2e0a81e18fa48,1
e2b5e396a9125a2f8e1a6f2a48db545a,4
0d094bc443c66df64c89353b66fe1c09,3
43162b0874b86fae8a0b569a42c36508,1
3b15b7d52117e64023ecb97791a74d18,2
1822b36cfc0db9cc0a2f6b50640eaa69,4
0a7fdbb3864c168137b43362874822e9,0
55f6c603444ac60659e704997c1aabff,1
b99c94c37b58488d432a3e65a1f3e7ac,4
930619d1c7dbc1d46e28742a1fafee4d,3
c3d6d26f0e14a6eea626cfc7891f1f79,0
a6a24170ac2845677f7938a8c138e9be,1
c58433e1168872cb999103c0cdc006fe,4
4265958454655dc245bbed03c33baffd,1
51a0d6a66907fb72c0e20b654729ea2a,4
dfd0f65abfe098226f9c7f864676f72e,4
5bfebd0ab0bb2dcfcb20aa6ffe91af64,4
fde1d5fa8f5209108ba11252a1466e5e,3
00e9cb1dca407810856e77b31309d5ab,3
b87251d5c485af9ba09734db85593979,1
0569518eb021c12cc424304852676aed,4
6fbcb899fe3f6f5d64a620d4bef10b87,1
1be840a13be24999e82d3338be2e9f8e,4
093a17f8150e86a157d3bae387d4f0e7,1
0453b5ee36bc0b7e60194306ee410397,3
8ceefea6d56655f1689ae14a20c0f8be,4
40804ad744925b58d5a4db13a723814f,4
bd7dc0950c0f24702d52936a681924f1,4
31519c701f77c3a98f6fb4f7bbbf4733,3
ff764f30a84d2bd0fd62444c9363abb0,1
22f7d10b06be19fed330fdeda9f79921,4
f7ad45a47c9a8dc25952a8a47fc09e69,1
bd91d632085b6060afe2b2fd87b4c82a,3
166e60882f7cb0a93cee9bc3afbae866,4
261896bde61c119ee6bcd0606d21ec89,1
c7b1a4df5d9d2d321c3049c049a3c226,3
c23b9c13f9ed5aae0082f2d2b4e7ca88,1
caa61e7bf2f5347fe9586cf69afa4fb6,3
b00bdb030a38ee08e958ce45ad6ff6a5,3
366f4ba0060487134ccb7e79fd2be1f9,1
f888bd36f43fffab4d2397eb6cd243f5,3
2092901f25cf61da0c640641b153669c,1
4a284e9b9319e096fddc4f2435d31af9,1
ad5058bb79658d4dcde154d27c75f04b,4
e1f67db801183244cc585f2e0c0734ec,1
08ec1a33b81ea4e6f3e52d0cd62760a5,1
321239fb1fd80171ecadc31a5a4f9f94,0
b47c42eadb92435680ae91705ec30dfd,0
335097fecb884fdedac4eb31094a72af,4
a8dfa8354ead06b6af2280b1b2ce311d,3
c3e314daae01532a6fac6a8797cf69a4,3
347f9c3be5c33fdb800282600590501a,3
3e6780c0f011840664d382b3a5daa789,0
d1391dd13e93e2d2e4606da49e08e9c1,4
ed4540bdfbb70ba263d45bdde1a773c1,3
e700c5b6f1348e1d64308ba333512590,3
1c94b9798e183ecb442339c40e250992,4
1abf717d60d7c6f64c632bc4cb147824,4
0899def3ea7f58ee950f6bd1d6061bea,1
fec2f9d0632d24fb84fa8f30e7f00e1d,1
90c49ca17e5e06b9981d65a13bade627,2
fb4fb25aaf7a339c73536891174a26a1,2
6adb70e8b36dbe04eceddd14403d77b5,4
d3a8fdb0934a98d00fd7be76b1efc8a5,4
ac8a4de51df746fe9db95506da901b16,1
d9bae1ad1b441be87dba8f40a8c5a6b4,4
47bca9b914ab090a34033b93b8e5bfaf,4
4a4bdaca8168940b2cf61a8cf251313a,3
1fdfc5380b85debafaf4f15fae1d1621,4
29aeeee7c62d1783a896435bfb76fc81,1
495711b404783aa41a33aba68d253423,3
771ee640520c8dfe2e2f7f21f2c21538,2
b123cc99ad85bab95e0a14e35c63d575,4
f5396d6a26843d538090acca42133585,1
6be72cc65aefb3db0ce9e0f1a2faea09,3
1d125aa5455de3a4e91b4d85aad4dd17,0
e48d95ab366816c0d843b4fdf2ac8780,4
37790b9cdb53b98aa30d0ae9e77d9399,1
381253c0306b77f3a6bdad65fee23a42,2
18fa6655566c9cc15d1d6442adfe34d2,4
2938b7d8b6cbd3a8bcbba04f6956a87c,0
0f4da78e6eea4080dbf4a5f77336972a,3
aa3537adeb4378b81c544c285c338064,2
77bebb85467800064ee4449412431f46,1
e65ab3f299ac8bbca15881a2ea284776,4
3aacad77533ef6708acad36404d151e7,4
c2a60c95b8d6424308a6b19c45b68ddb,3
a34b0ca82333ec5afcdc74be7ddf26b6,1
c28bf92ba3f8e74c4c87197b5f3f668b,4
9500ce1f31091c148f3e94498a581c3a,1
e20cf43128f0d244bd33cba83193ecbd,1
dcc99c2a179de7c1a57725002171fb4d,0
2c1a6cc77b1ba8a085d8e34ec5c397eb,4
24ea36dd95f26877d3032b2088c674cc,4
71469fb90f914a3639e7691ea2a64214,3
b993f781f343521b491589d92bbc11dd,4
2727ef37bd6b0a0494ca4c551bce3817,1
44d308d9fddd9fb77dc9e9c9e2fb1634,3
7c6ca66d48be829b4e77b59725001992,3
d98044a5ab7c606afe5cd1e25084a398,4
29a34888af53bc433412e6008ff86d3d,4
b40d14e4ce9dbea3188a3044232babd4,0
b27638e7643865219bb19ed4599b806f,1
57202da655a26998780c883964d21899,4
c6fca7cf9249a7e5023f4bc951e285a2,4
7b7afa25dd3788c33b202b71abe3108b,3
3ee86873d975e67cba4b301371cbdaf5,0
a544345dd393bd2bf85f51036a5ea88e,1
dfea4ff837039f5e1295327964fd79d9,1
b96f98747cc6deb6dc6a31eca9cbde11,1
01964126d7cc3122173ce68761cc23bd,4
dba3bbc2f6dcb3f0ddd9597cc235f15f,2
77d9856d4edaf31a4b2f483e2391b584,4
26d561cb594470f71f524c0cd939135a,4
c888448e96c094501f37d299473f067f,4
4825c50c0764c7bcfc28ffd679cc5ab8,4
42c953cae89596b5d001e02df1c737d7,4
2b373188115be77aeccd6f2cb7c3b553,0
e66fa5946b0c8cd96f68a90a36f8ac25,1
c349ee5d2921af0e6241b7931425020f,3
210d083306a6a628705a0c32cbb88b34,3
fa73922f692fb9963fde167524de0832,2
871f8e61ad3028ec64a04b2a5acadb94,3
c989af93874ef3dfaa04ec36060de04c,4
19b49df2f9de24729b110156a700a4a9,0
bde1ae274160d4652f4dd554baefdfa0,3
c43afce4db2050c5b198e5dbcf549c20,4
ff7eac29b6d7a33fbd8009677c3e9c58,1
6fb51691c97de91a56443ce0222eae8c,4
8e13fd92c86ed7beaa37d1c1add776a8,1
0e69adb07b3305ffe605632d46b706c9,3
12fd1e6d38624f07db9e991433c81877,4
3181e6e1bd779a6ef9ae5ce8fbafbdcc,2
10d7310c2c0212447a70ec316bdc4146,1
d9f4f0b0c295420c06d2ac9664379a1a,1
847cc32f13fc52517f5e1bacb77e114e,1
a51a3ce4ed36c9b0fa4233a5d216d8bd,1
99df788efd73f9909501a3f9658cc528,3
e4e9c1121d8e27cc7a1037d1399d35ae,3
bf5d4efcd7fbeded72ffe2f8621e4ac1,4
8889d21b83a5eb029dc7521ddbf774f0,4
f3987094fe9952792f194f9e66001c60,4
268d223f4e668c92ee33a8feb2c87376,1
7ceda7f43d4b22df81618178d31bf61c,0
8cb7fe2295a50f8b93f62b5ff541e5bd,4
e315f9f079d77cfc34109b29b9b250f0,0
87e7a867f84a81a992c07f9925d64bcc,4
81aa431c589ee09203d77313a498185d,4
7351c2ba511a2aa994a55082eca36937,4
6947e6a5293d98abfec6e76ca9360a90,0
fcc179f2f08ef1c59c0e8d97eeadbb63,0
4098131d8f24efcfd097e1b1cc904b27,4
2648505adbb0b2b6ead3eb2a8a0f1eef,3
002c30700185b7971369258b438070d5,4
311c5f505f13303499f57cb77a8bbe52,0
25b855a46871e0d31e432f686dece86b,4
5fec0e3bc0776ac5868f60d53ada5b94,4
8153187b5633289630171397f1bd86d4,0
8fc16fa4ba6262a90fa9bdadb55b1d22,0
60d3a8349a44635d176caf4bdd8881c7,0
f4a163793cbcb8f5b9d1cc3f9427afdf,0
7a193de45bdaa5634cd3f4bf0bfc44cc,1
088ee0cd81fa231cc740b26711b8f258,4
9659818efca59ffee667f21c209bb261,1
623e36e393c2d5fe19e405f6a652d1c6,4
f394ca61016b7c8a46f953264a6ecfdb,4
0c0d490e02aac9ef73c63ba9732c05b6,3
f67554d92b5a9401f6eae23b3db1281f,3
faf0abe1290c9555110ca051be5495fa,1
61513833ae29ce9dddcfa4c6608f74e5,0
6745aa8c38b8c6dafb5cc1dc6397d4d5,3
a22e567dbcad85cb1d8e1bf0a7415924,2
a0affd1c1cee7b024bfe8a1e551a533e,2
bd4179ec98e998c58c09343b60e760d0,3
4b114a86b4078d1492b970b750b346c4,2
e9df9ed4cc2530c91920b9df0cafaa7d,1
b8e9d56174804b47ea7b17fc14d956ce,3
e725bcafbb69b0be1b24cfa7dbcc7990,0
052998dccdca510ac5188a3f54c4c3fb,1
79cd49347eca3a31a005141e6cc02605,1
a84da7b293f7eb27029108c9b30fce9b,4
57669a07a7e318711e0797326617840d,4
8697998f533e32d41a46913b898a06ad,0
fbf8038dbe6aa10516f519b2f719c9e1,0
ecfb0c8bcef4462b3dc574e81af05e79,1
8573ef00195a4f7c21bb2fbf34e22832,2
2bd3e4200d05e3bf59847a85b4bb2a69,1
bc26e681a687b51aefe65730d7d00e36,4
47fc88e835295043646726f5c656f421,3
464706b696c192966352d33d63dbd1ae,1
a723c21c0afffb1139a5ca59371ccd23,2
443e6bf05f037ffbca3591785ead5976,1
08a6786c7720dea79a51b3b2a444f5b0,3
6a3ac594128e254fcdef5f9f76591814,4
7515c75fa70483360f39a1057c169505,1
80ee77ad98e18a54750821eefa9f44b7,1
5dbe5e2418737f3579f60b2226339603,4
ca429d21a16ffa0c47059008bcc9666f,4
bf0ad45570777b99591d9928bc046f45,1
27b7de9602962ecde26f8652ffa5995c,1
502c87ef890a8cf2e3a799ae7517d566,1
370c0c1a711b9acf605acfe63a9932ef,4
2ed7b8878569be2ce91ea1661c2d0ab7,3
0bed759db7aa5774a97406e2c2621769,4
f6572d14ee1c3fcb2c299c4b610748bc,3
0ffb2557f13d5822929e1add36d33707,4
c7f515fb1323119c6cc071926c1c265a,0
978daf28862a3dcf7ed35e5704a9095c,4
dd03034f4c8cb8bd19088a1e1fa56e92,3
bd9c22f9330ee8a8c670267dd4504511,3
aa9f5aa6b82f3301483e1d1ff784325c,2
ed7374c5603ea3fbd7b95ed6aceb3338,1
624ad7a99b7c2948268db8000c684ef0,2
5ba0a1dd4895ff62cd322dccbeab4d33,1
39706bf6a1eb9fc681952d73cfdaa978,2
09700570b778d58ab42a1aa8b62f4f83,4
4cf03c70d04f9bcbf9918b896d21514f,4
27764cdb56ab8baba569f2c10a42f154,2
